Player,Squad,Pos,Age,90s,SoT/90,Sh/90,forward,over_2_5
Erling Haaland,Manchester City,FW,25,32.8,1.8,3.84,1,1
Igor Thiago,Brentford,FW,24,36.5,1.18,2.3,1,0
Ollie Watkins,Aston Villa,FW,29,31.5,1.2,2.63,1,1
Matheus Cunha,Manchester Utd,"MF,FW",26,27.7,1.26,3.25,1,1
Benjamin Šeško,Manchester Utd,FW,22,18.3,1.86,3.34,1,1
Dominic Calvert-Lewin,Leeds United,FW,28,30.2,1.12,2.41,1,0
Jean-Philippe Mateta,Crystal Palace,FW,28,24.6,1.3,2.56,1,1
Bryan Mbeumo,Manchester Utd,"MF,FW",25,29.0,1.1,2.52,1,1
Morgan Gibbs-White,Nottingham,MF,25,34.4,0.93,2.41,0,0
Morgan Rogers,Aston Villa,MF,23,36.4,0.88,2.3,0,0
Enzo Fernández,Chelsea,MF,24,34.6,0.9,2.08,0,0
João Pedro,Chelsea,"FW,MF",23,29.6,0.95,2.47,1,0
Jarrod Bowen,West Ham,"MF,FW",28,37.8,0.74,2.09,1,0
Danny Welbeck,Brighton,FW,34,25.1,1.12,2.23,1,0
Bukayo Saka,Arsenal,"FW,MF",23,24.7,1.09,2.88,1,1
Antoine Semenyo,Bournemouth,MF,25,20.0,1.35,2.45,0,0
Richarlison,Tottenham,"FW,MF",28,21.8,1.19,2.8,1,1
Cole Palmer,Chelsea,MF,23,21.7,1.15,2.95,0,1
Harry Wilson,Fulham,MF,28,29.7,0.84,2.63,0,1
Bruno Fernandes,Manchester Utd,MF,30,34.0,0.71,2.5,0,0
Kevin Schade,Brentford,"MF,FW",23,30.5,0.79,1.87,1,0
Marcus Tavernier,Bournemouth,MF,26,30.3,0.79,2.31,0,0
Bruno Guimarães,Newcastle,MF,27,27.3,0.84,1.54,0,0
Evanilson,Bournemouth,FW,25,30.5,0.75,2.36,1,0
Amad Diallo,Manchester Utd,MF,23,26.0,0.88,2.04,0,0
Dominik Szoboszlai,Liverpool,"MF,DF",24,35.9,0.64,1.98,0,0
Jaidon Anthony,Burnley,MF,25,30.2,0.76,1.82,0,0
Eli Junior Kroupi,Bournemouth,"MF,FW",19,18.6,1.18,2.8,1,1
Viktor Gyökeres,Arsenal,FW,27,24.7,0.89,2.23,1,0
Iliman Ndiaye,Everton,MF,25,30.9,0.71,1.39,0,0
Valentín Castellanos,West Ham,FW,26,15.4,1.43,3.25,1,1
Igor Jesus,Nottingham,FW,24,25.5,0.82,2.74,1,1
Cody Gakpo,Liverpool,"MF,FW",26,30.4,0.69,2.86,1,1
Zian Flemming,Burnley,FW,26,19.7,1.07,2.65,1,1
Ismaila Sarr,Crystal Palace,MF,27,24.2,0.87,1.99,0,0
Harvey Barnes,Newcastle,"FW,MF",27,21.8,0.96,2.66,1,1
Anthony Gordon,Newcastle,FW,24,19.9,1.0,2.41,1,0
Dango Ouattara,Brentford,MF,23,25.3,0.79,2.21,0,0
Phil Foden,Manchester City,MF,25,23.2,0.82,2.37,0,0
Hugo Ekitike,Liverpool,FW,23,20.0,0.95,3.24,1,1
Mohamed Salah,Liverpool,MF,33,23.8,0.8,2.85,0,1
Neco Williams,Nottingham,DF,24,35.6,0.53,1.29,0,0
Raúl Jiménez,Fulham,FW,34,24.3,0.74,3.0,1,1
Eberechi Eze,Arsenal,"MF,FW",27,20.1,0.89,2.83,1,1
Casemiro,Manchester Utd,MF,33,28.6,0.63,1.82,0,0
Brian Brobbey,Sunderland,FW,23,21.4,0.84,1.68,1,0
Florian Wirtz,Liverpool,MF,22,26.4,0.68,1.93,0,0
Wilson Isidor,Sunderland,FW,24,12.9,1.31,3.32,1,1
Mateus Mane,Wolves,MF,17,19.9,0.85,2.06,0,0
Beto,Everton,FW,27,17.4,0.98,2.47,1,0
Brenden Aaronson,Leeds United,"MF,FW",24,27.2,0.62,1.73,1,0
Lukas Nmecha,Leeds United,FW,26,12.0,1.33,2.49,1,0
Tijjani Reijnders,Manchester City,MF,27,18.1,0.88,2.7,0,1
Tolu Arokodare,Wolves,FW,24,15.8,1.01,2.92,1,1
Callum Wilson,West Ham,FW,33,13.9,1.15,2.73,1,1
Alex Iwobi,Fulham,MF,29,26.9,0.56,1.45,0,0
Jack Hinshelwood,Brighton,MF,20,19.3,0.78,1.91,0,0
Nico O'Reilly,Manchester City,"DF,MF",20,29.4,0.51,1.39,0,0
Noah Okafor,Leeds United,"FW,MF",25,17.3,0.86,2.02,1,0
Jeremy Doku,Manchester City,"MF,FW",23,19.8,0.76,1.97,1,0
Kiernan Dewsbury-Hall,Everton,MF,26,29.2,0.51,1.34,0,0
Crysencio Summerville,West Ham,"MF,FW",23,27.4,0.55,1.97,1,0
Leandro Trossard,Arsenal,"FW,MF",30,22.2,0.68,2.39,1,0
Diego Gómez,Brighton,"MF,FW",22,23.6,0.59,1.78,1,0
James Garner,Everton,"MF,DF",24,37.9,0.37,1.19,0,0
Georginio Rutter,Brighton,"MF,FW",23,19.8,0.71,2.12,1,0
Antoine Semenyo,Manchester City,"MF,FW",25,15.5,0.9,2.19,1,0
Tomáš Souček,West Ham,MF,30,24.4,0.57,1.06,0,0
Anton Stach,Leeds United,MF,26,26.3,0.53,2.09,0,0
Malick Thiaw,Newcastle,DF,23,32.9,0.42,0.85,0,0
Thierno Barry,Everton,FW,22,21.3,0.66,1.79,1,0
Virgil van Dijk,Liverpool,DF,34,38.0,0.37,0.79,0,0
Ferdi Kadioglu,Brighton,"DF,MF",25,34.8,0.37,0.8,0,0
Gabriel Martinelli,Arsenal,"FW,MF",24,12.0,1.08,2.41,1,0
Ryan Gravenberch,Liverpool,MF,23,33.2,0.39,1.14,0,0
Kaoru Mitoma,Brighton,"MF,FW",28,19.1,0.68,1.67,1,0
Jacob Murphy,Newcastle,"FW,MF",30,18.0,0.72,2.34,1,0
Pedro Neto,Chelsea,"MF,FW",25,29.2,0.44,1.57,1,0
Declan Rice,Arsenal,MF,26,34.4,0.38,1.16,0,0
Alex Scott,Bournemouth,MF,21,31.7,0.41,1.39,0,0
Rayan Cherki,Manchester City,MF,21,19.8,0.66,2.77,0,1
Emi Buendía,Aston Villa,MF,28,19.5,0.67,2.51,0,1
David Brooks,Bournemouth,MF,28,13.4,0.97,3.59,0,1
Nick Woltemade,Newcastle,"FW,MF",23,21.1,0.62,1.51,1,0
Enzo Le Fée,Sunderland,"MF,FW",25,32.6,0.37,1.11,1,0
Alexis Mac Allister,Liverpool,MF,26,29.5,0.41,1.76,0,0
John McGinn,Aston Villa,MF,30,23.7,0.51,1.18,0,0
Daniel Muñoz,Crystal Palace,MF,29,26.7,0.45,0.98,0,0
William Osula,Newcastle,FW,21,9.1,1.32,2.53,1,1
Joshua King,Fulham,MF,18,14.5,0.76,1.79,0,0
Joelinton,Newcastle,MF,28,21.7,0.51,1.48,0,0
Omari Hutchinson,Nottingham,MF,21,18.8,0.59,1.33,0,0
Yankuba Minteh,Brighton,MF,21,26.6,0.41,1.54,0,0
Lucas Paquetá,West Ham,"MF,FW",27,16.8,0.66,1.37,1,0
Yéremy Pino,Crystal Palace,"MF,FW",22,23.1,0.48,1.95,1,0
Patrick Dorgu,Manchester Utd,MF,20,16.1,0.68,1.55,0,0
Liam Delap,Chelsea,FW,22,12.3,0.89,2.93,1,1
Mikkel Damsgaard,Brentford,MF,25,22.8,0.48,1.27,0,0
Sávio,Manchester City,MF,21,9.3,1.19,2.16,0,0
Emile Smith Rowe,Fulham,MF,25,21.4,0.51,1.68,0,0
Dominic Solanke,Tottenham,FW,27,11.1,0.99,1.8,1,0
Kevin,Fulham,MF,22,11.6,0.86,2.16,0,0
Ladislav Krejčí,Wolves,"DF,MF",26,26.2,0.38,0.8,0,0
Callum Hudson-Odoi,Nottingham,MF,24,20.5,0.49,1.47,0,0
Jan Paul van Hecke,Brighton,DF,25,35.7,0.28,0.64,0,0
Matty Cash,Aston Villa,DF,27,33.5,0.3,0.9,0,0
Xavi Simons,Tottenham,"MF,FW",22,19.5,0.51,2.15,1,0
Chemsdine Talbi,Sunderland,"MF,FW",20,17.3,0.58,1.44,1,0
James Tarkowski,Everton,DF,32,37.0,0.27,0.54,0,0
Yasin Ayari,Brighton,MF,21,21.4,0.47,1.91,0,0
Elliot Anderson,Nottingham,MF,22,37.0,0.27,1.19,0,0
Mohammed Kudus,Tottenham,"MF,FW",24,17.1,0.53,1.52,1,0
Keane Lewis-Potter,Brentford,"DF,MF",24,21.9,0.41,1.41,0,0
Noni Madueke,Arsenal,"FW,MF",23,13.5,0.67,1.86,1,0
Donyell Malen,Aston Villa,"FW,MF",26,7.3,1.23,3.7,1,1
Omar Marmoush,Manchester City,"FW,MF",26,7.8,1.16,3.86,1,1
Pascal Groß,Brighton,MF,34,18.2,0.5,0.99,0,0
João Palhinha,Tottenham,MF,30,24.4,0.37,1.35,0,0
Loum Tchaouna,Burnley,"MF,FW",21,14.1,0.64,1.63,1,0
Daniel Ballard,Sunderland,DF,25,23.9,0.38,1.09,0,0
Omar Alderete,Sunderland,DF,28,31.1,0.29,0.77,0,0
Chris Wood,Nottingham,FW,33,10.0,0.9,2.3,1,0
Amine Adli,Bournemouth,MF,25,12.2,0.74,1.65,0,0
Joshua Zirkzee,Manchester Utd,"FW,MF",24,7.0,1.29,3.59,1,1
Martín Zubimendi,Arsenal,MF,26,33.2,0.27,0.81,0,0
Mathias Jensen,Brentford,MF,29,25.0,0.32,1.16,0,0
Konstantinos Mavropanos,West Ham,DF,27,28.2,0.28,0.82,0,0
Mikel Merino,Arsenal,"MF,FW",29,11.5,0.69,1.91,1,0
Jack Grealish,Everton,MF,29,18.1,0.44,1.44,0,0
Mateus Fernandes,West Ham,MF,21,33.5,0.24,0.84,0,0
Wilson Odobert,Tottenham,"MF,FW",20,10.9,0.73,1.92,1,0
Pedro Porro,Tottenham,DF,25,31.1,0.26,1.03,0,0
Rayan,Bournemouth,MF,18,12.3,0.65,2.27,0,0
Habib Diarra,Sunderland,MF,21,15.6,0.51,1.67,0,0
Ryan Christie,Bournemouth,MF,30,11.0,0.72,2.26,0,0
Riccardo Calafiori,Arsenal,DF,23,18.9,0.42,1.7,0,0
Djed Spence,Tottenham,"DF,MF",24,22.8,0.35,0.57,0,0
Mathys Tel,Tottenham,"MF,FW",20,15.0,0.53,2.34,1,0
Sandro Tonali,Newcastle,MF,25,28.2,0.28,1.31,0,0
Ross Barkley,Aston Villa,MF,31,9.5,0.84,1.89,0,0
Lesley Ugochukwu,Burnley,MF,21,26.0,0.31,0.89,0,0
Taiwo Awoniyi,Nottingham,FW,27,5.5,1.46,2.73,1,1
Estêvão Willian,Chelsea,MF,18,9.4,0.85,2.97,0,1
Martin Ødegaard,Arsenal,MF,26,15.2,0.53,1.45,0,0
Michael Keane,Everton,DF,32,28.8,0.24,0.94,0,0
Curtis Jones,Liverpool,"MF,DF",24,21.5,0.33,1.02,0,0
Maxence Lacroix,Crystal Palace,DF,25,34.3,0.2,0.73,0,0
Jefferson Lerma,Crystal Palace,"MF,DF",30,19.3,0.36,0.99,0,0
Reece James,Chelsea,"DF,MF",25,21.8,0.32,1.01,0,0
Trai Hume,Sunderland,"DF,MF",23,33.7,0.21,1.01,0,0
Gabriel Magalhães,Arsenal,DF,27,30.6,0.23,0.88,0,0
Idrissa Gueye,Everton,MF,35,23.3,0.3,1.25,0,0
Tyrick Mitchell,Crystal Palace,MF,25,36.1,0.19,0.53,0,0
João Gomes,Wolves,MF,24,31.4,0.22,0.6,0,0
Alejandro Garnacho,Chelsea,MF,21,14.1,0.5,2.34,0,0
Amadou Onana,Aston Villa,MF,23,19.5,0.36,0.97,0,0
Joe Rodon,Leeds United,DF,27,32.8,0.21,0.55,0,0
Sepp van den Berg,Brentford,DF,23,30.7,0.23,0.75,0,0
Samuel Chukwueze,Fulham,MF,26,12.0,0.58,2.09,0,0
Bernardo Silva,Manchester City,MF,30,31.9,0.22,0.94,0,0
Moisés Caicedo,Chelsea,MF,23,31.1,0.23,0.87,0,0
Santiago Bueno,Wolves,DF,26,28.4,0.25,0.35,0,0
Jørgen Strand Larsen,Wolves,FW,25,15.6,0.45,1.35,1,0
Jørgen Strand Larsen,Crystal Palace,FW,25,10.0,0.7,2.29,1,0
Youri Tielemans,Aston Villa,MF,28,20.7,0.34,1.16,0,0
Jurriën Timber,Arsenal,DF,24,27.3,0.26,0.92,0,0
Jean-Ricner Bellegarde,Wolves,"MF,FW",27,13.9,0.5,1.51,1,0
James Justin,Leeds United,"DF,MF",27,21.1,0.28,1.14,0,0
Alexander Isak,Liverpool,FW,25,7.8,0.77,2.19,1,0
Saša Lukić,Fulham,MF,28,19.3,0.31,0.93,0,0
Hwang Hee-chan,Wolves,"FW,MF",29,16.1,0.37,1.18,1,0
Lewis Hall,Newcastle,DF,20,24.2,0.25,1.03,0,0
Pape Matar Sarr,Tottenham,MF,22,15.5,0.39,1.09,0,0
Eliezer Mayenda,Sunderland,"FW,MF",20,8.4,0.71,1.54,1,0
Joško Gvardiol,Manchester City,DF,23,15.2,0.39,1.12,0,0
Malo Gusto,Chelsea,"DF,MF",22,25.1,0.24,0.48,0,0
Brajan Gruda,Brighton,MF,21,8.0,0.75,2.0,0,0
Yerson Mosquera,Wolves,DF,24,23.7,0.25,1.26,0,0
Rodrigo Gomes,Wolves,"MF,FW",22,10.7,0.56,1.87,1,0
Marshall Munetsi,Wolves,"MF,FW",29,9.7,0.62,1.44,1,0
Rio Ngumoha,Liverpool,MF,16,6.2,0.96,2.57,0,1
Lyle Foster,Burnley,"FW,MF",24,15.2,0.39,1.31,1,0
Jake O'Brien,Everton,DF,24,34.7,0.17,0.37,0,0
Marcus Edwards,Burnley,"MF,FW",26,11.9,0.51,1.94,1,0
Maxim De Cuyper,Brighton,"DF,MF",24,15.7,0.38,0.83,0,0
Cristian Romero,Tottenham,DF,27,20.8,0.29,0.82,0,0
Diogo Dalot,Manchester Utd,"DF,MF",26,29.0,0.21,0.83,0,0
Josh Cullen,Burnley,MF,29,16.8,0.36,0.65,0,0
Marc Cucurella,Chelsea,DF,27,30.1,0.2,0.66,0,0
Nathan Collins,Brentford,DF,24,33.1,0.18,0.61,0,0
Timothy Castagne,Fulham,"DF,MF",29,20.5,0.29,0.68,0,0
Hugo Bueno,Wolves,"MF,DF",22,26.3,0.23,0.61,0,0
Armando Broja,Burnley,FW,23,9.6,0.63,1.67,1,0
Jaka Bijol,Leeds United,DF,26,21.0,0.29,0.71,0,0
Bertrand Traoré,Sunderland,"MF,FW",29,7.0,0.85,1.71,1,0
Adrien Truffert,Bournemouth,DF,23,37.5,0.16,0.43,0,0
Micky van de Ven,Tottenham,DF,24,33.8,0.18,0.47,0,0
Adam Armstrong,Wolves,"FW,MF",28,12.7,0.47,1.42,1,0
Ethan Ampadu,Leeds United,MF,24,34.7,0.17,0.75,0,0
Adam Wharton,Crystal Palace,MF,21,28.4,0.21,1.13,0,0
Mats Wieffer,Brighton,DF,25,21.1,0.28,0.85,0,0
Joe Willock,Newcastle,MF,25,10.9,0.55,1.56,0,0
Tyler Adams,Bournemouth,MF,26,19.7,0.3,0.51,0,0
Ian Maatsen,Aston Villa,DF,23,17.8,0.28,1.12,0,0
Dwight McNeil,Everton,MF,25,13.0,0.39,1.85,0,0
Hannibal Mejbri,Burnley,MF,22,13.7,0.37,1.39,0,0
Evann Guessand,Aston Villa,MF,24,6.5,0.77,1.22,0,0
Marc Guéhi,Manchester City,DF,25,15.0,0.33,1.13,0,0
Archie Gray,Tottenham,"MF,DF",19,16.4,0.3,0.67,0,0
Mason Mount,Manchester Utd,MF,26,11.3,0.44,1.68,0,0
Rodrigo Muniz,Fulham,FW,24,11.1,0.45,2.88,1,1
Nicolás Domínguez,Nottingham,MF,27,13.1,0.38,1.38,0,0
Lucas Digne,Aston Villa,DF,32,20.6,0.24,0.68,0,0
Noah Sadiki,Sunderland,MF,20,32.1,0.16,0.59,0,0
Ibrahim Sangaré,Nottingham,MF,27,23.1,0.22,0.69,0,0
Trevoh Chalobah,Chelsea,DF,26,30.9,0.16,0.52,0,0
Marcos Senesi,Bournemouth,DF,28,36.5,0.14,0.47,0,0
Pascal Struijk,Leeds United,DF,25,32.6,0.15,0.95,0,0
Ao Tanaka,Leeds United,MF,26,14.6,0.34,1.16,0,0
Lucas Bergvall,Tottenham,MF,19,10.7,0.47,1.12,0,0
Carlos Alcaraz,Everton,MF,22,7.7,0.65,2.61,0,1
Yoane Wissa,Newcastle,FW,28,5.9,0.85,2.2,1,0
Granit Xhaka,Sunderland,MF,32,32.3,0.15,0.65,0,0
Justin Kluivert,Bournemouth,MF,26,10.6,0.38,1.61,0,0
Randal Kolo Muani,Tottenham,"FW,MF",26,18.5,0.22,1.08,1,0
Boubacar Kamara,Aston Villa,MF,25,15.7,0.26,0.45,0,0
Daichi Kamada,Crystal Palace,MF,28,21.1,0.19,0.9,0,0
Ibrahima Konaté,Liverpool,DF,26,34.3,0.12,0.35,0,0
Josh Laurent,Burnley,"DF,MF",30,19.6,0.2,0.77,0,0
Álex Jiménez,Bournemouth,"DF,MF",20,25.7,0.16,0.82,0,0
Sean Longstaff,Leeds United,MF,27,11.2,0.36,1.42,0,0
Lucas,Burnley,"MF,DF",24,15.7,0.26,1.02,0,0
Douglas Luiz,Aston Villa,MF,27,6.7,0.6,0.89,0,0
Harry Maguire,Manchester Utd,DF,32,18.4,0.22,0.76,0,0
Kai Havertz,Arsenal,"FW,MF",26,6.5,0.62,2.79,1,1
Marc Guéhi,Crystal Palace,DF,25,20.0,0.2,0.75,0,0
Lewis Miley,Newcastle,"MF,DF",19,16.6,0.24,0.72,0,0
Nordi Mukiele,Sunderland,DF,27,30.9,0.13,0.84,0,0
Murillo,Nottingham,DF,23,23.7,0.17,0.46,0,0
Dan Ndoye,Nottingham,MF,24,13.0,0.31,1.15,0,0
Conor Gallagher,Tottenham,MF,25,13.2,0.3,0.84,0,0
Anthony Elanga,Newcastle,"FW,MF",23,14.7,0.27,1.16,1,0
Jacob Ramsey,Newcastle,MF,24,16.1,0.25,0.99,0,0
El Hadji Malick Diouf,West Ham,"DF,MF",20,30.1,0.13,0.6,0,0
Rúben Dias,Manchester City,DF,28,23.8,0.17,0.42,0,0
Justin Devenny,Crystal Palace,"MF,FW",21,8.8,0.45,1.47,1,0
Fabian Schär,Newcastle,DF,33,12.1,0.33,1.4,0,0
Ryan Sessegnon,Fulham,"DF,MF",25,20.3,0.2,0.79,0,0
Jacob Bruun Larsen,Burnley,"MF,FW",26,11.4,0.35,1.49,1,0
Sven Botman,Newcastle,DF,25,20.4,0.2,0.74,0,0
Jayden Bogle,Leeds United,"MF,DF",25,31.0,0.13,0.58,0,0
Joachim Andersen,Fulham,DF,29,31.9,0.13,0.5,0,0
Yehor Yarmoliuk,Brentford,MF,21,29.5,0.14,0.54,0,0
Michael Kayode,Brentford,DF,21,36.2,0.08,0.25,0,0
Brennan Johnson,Crystal Palace,"MF,FW",24,12.4,0.24,1.38,1,0
Matthijs de Ligt,Manchester Utd,DF,25,13.0,0.23,0.85,0,0
Vitaly Janelt,Brentford,MF,27,16.0,0.19,0.75,0,0
Daniel James,Leeds United,"FW,MF",27,6.2,0.48,2.25,1,0
Bashir Humphreys,Burnley,"DF,MF",22,17.5,0.17,0.51,0,0
Kobbie Mainoo,Manchester Utd,MF,20,18.5,0.16,0.7,0,0
Quilindschy Hartman,Burnley,DF,23,20.3,0.15,0.44,0,0
Gabriel Gudmundsson,Leeds United,"DF,MF",26,29.2,0.1,0.62,0,0
Lutsharel Geertruida,Sunderland,"DF,MF",25,18.8,0.16,0.58,0,0
Pablo,West Ham,"MF,FW",21,9.1,0.33,1.31,1,0
Lewis Dunk,Brighton,DF,33,31.5,0.1,0.73,0,0
Axel Disasi,West Ham,DF,27,13.9,0.22,0.36,0,0
Chris Rigg,Sunderland,MF,18,8.5,0.35,1.42,0,0
Andy Robertson,Liverpool,DF,31,13.1,0.23,0.77,0,0
Rodri,Manchester City,MF,29,16.8,0.18,0.95,0,0
Jadon Sancho,Aston Villa,MF,25,9.7,0.31,1.03,0,0
Nicolò Savona,Nottingham,DF,22,11.4,0.26,0.44,0,0
Luke Shaw,Manchester Utd,DF,30,35.8,0.08,0.28,0,0
Dan Burn,Newcastle,DF,33,24.4,0.12,0.41,0,0
Kenny Tete,Fulham,DF,29,19.9,0.15,0.8,0,0
Oscar Bobb,Fulham,MF,22,6.3,0.47,1.26,0,0
Sander Berge,Fulham,MF,27,32.3,0.09,0.43,0,0
Rodrigo Bentancur,Tottenham,MF,28,20.9,0.14,0.62,0,0
Dilane Bakwa,Nottingham,MF,22,6.1,0.49,1.46,0,0
Kyle Walker-Peters,West Ham,DF,28,15.4,0.2,0.33,0,0
Jhon Arias,Wolves,"FW,MF",27,12.5,0.24,1.28,1,0
Kristoffer Ajer,Brentford,DF,27,20.1,0.15,0.5,0,0
Emmanuel Agbadou,Wolves,DF,28,12.2,0.25,0.82,0,0
Leny Yoro,Manchester Utd,DF,19,19.3,0.16,0.47,0,0
Milos Kerkez,Liverpool,DF,21,25.1,0.08,0.36,0,0
Ezri Konsa,Aston Villa,DF,27,33.7,0.06,0.33,0,0
Brennan Johnson,Tottenham,"MF,FW",24,6.8,0.3,0.89,1,0
Florentino Luís,Burnley,MF,25,23.4,0.09,0.56,0,0
Piero Hincapié,Arsenal,DF,23,19.9,0.1,0.15,0,0
Soungoutou Magassa,West Ham,MF,21,10.9,0.18,0.64,0,0
James Hill,Bournemouth,DF,23,23.4,0.09,0.51,0,0
James Milner,Brighton,MF,39,8.7,0.23,0.92,0,0
Morato,Nottingham,DF,24,14.9,0.13,0.33,0,0
Nicolás González,Manchester City,MF,23,17.4,0.11,0.8,0,0
Toti Gomes,Wolves,DF,26,15.8,0.13,0.32,0,0
Angel Gomes,Wolves,"MF,FW",24,5.1,0.39,1.17,1,0
Jamie Gittens,Chelsea,MF,20,5.5,0.36,1.82,0,0
Vitaliy Mykolenko,Everton,DF,26,32.9,0.06,0.27,0,0
Jeremie Frimpong,Liverpool,"DF,MF",24,11.6,0.17,0.87,0,0
Matheus Nunes,Manchester City,DF,26,31.8,0.06,0.22,0,0
Chadi Riad,Crystal Palace,DF,22,6.1,0.33,0.65,0,0
Chris Richards,Crystal Palace,DF,25,31.4,0.06,0.48,0,0
Kevin Danso,Tottenham,DF,26,16.6,0.12,0.66,0,0
Andrey Santos,Chelsea,MF,21,14.0,0.14,0.79,0,0
Tom Cairney,Fulham,MF,34,8.6,0.23,1.97,0,0
Jarrad Branthwaite,Everton,DF,23,7.6,0.26,0.79,0,0
Yves Bissouma,Tottenham,MF,28,6.7,0.3,0.75,0,0
Carlos Baleba,Brighton,MF,21,18.4,0.11,1.09,0,0
Harrison Armstrong,Everton,MF,18,5.9,0.34,0.85,0,0
James Ward-Prowse,Burnley,MF,30,7.6,0.26,0.39,0,0
Rayan Aït-Nouri,Manchester City,DF,24,10.8,0.18,0.92,0,0
Simon Adingra,Sunderland,"MF,FW",23,7.3,0.28,0.83,1,0
Ryan Yates,Nottingham,MF,27,6.9,0.29,1.31,0,0
Joshua Acheampong,Chelsea,DF,19,7.4,0.27,0.54,0,0
Max Kilman,West Ham,DF,28,17.3,0.06,0.4,0,0
Abdukodir Khusanov,Manchester City,DF,21,15.9,0.06,0.44,0,0
Tim Iroegbunam,Everton,MF,22,16.5,0.06,0.73,0,0
Aaron Hickey,Brentford,"DF,MF",23,7.7,0.13,0.78,0,0
Jordan Henderson,Brentford,MF,35,21.3,0.05,0.28,0,0
Nikola Milenković,Nottingham,DF,27,37.5,0.03,0.43,0,0
Ilia Gruev,Leeds United,MF,25,14.7,0.07,0.48,0,0
Tyrone Mings,Aston Villa,DF,32,14.7,0.07,0.61,0,0
Joe Gomez,Liverpool,DF,28,6.7,0.15,0.74,0,0
Wesley Fofana,Chelsea,DF,24,19.1,0.05,0.42,0,0
Luke O'Nien,Sunderland,DF,30,6.3,0.16,0.63,0,0
Maxime Estève,Burnley,DF,23,32.6,0.03,0.31,0,0
Hjalmar Ekdal,Burnley,DF,26,17.1,0.06,0.35,0,0
Freddie Potts,West Ham,MF,21,13.0,0.08,0.23,0,0
Issa Diop,Fulham,DF,28,9.1,0.11,0.22,0,0
Antonee Robinson,Fulham,"DF,MF",27,16.6,0.06,0.36,0,0
Merlin Röhl,Everton,MF,23,7.6,0.13,1.45,0,0
Jair Cunha,Nottingham,DF,20,5.7,0.17,0.52,0,0
William Saliba,Arsenal,DF,24,29.0,0.03,0.17,0,0
Jaydee Canvot,Crystal Palace,DF,19,14.8,0.07,0.47,0,0
Jackson Tchatchoua,Wolves,"MF,DF",23,20.5,0.05,0.15,0,0
Pau Torres,Aston Villa,DF,28,18.6,0.05,0.48,0,0
Calvin Bassey,Fulham,DF,25,28.2,0.04,0.43,0,0
Axel Tuanzebe,Burnley,DF,27,13.3,0.07,0.15,0,0
Destiny Udogie,Tottenham,"DF,MF",22,14.9,0.07,0.27,0,0
Manuel Ugarte,Manchester Utd,MF,24,9.9,0.1,1.32,0,0
Leon Bailey,Aston Villa,MF,27,5.1,0.2,1.57,0,0
Joël Veltman,Brighton,DF,33,11.8,0.09,0.34,0,0
André,Wolves,MF,24,30.7,0.03,0.49,0,0
Ben White,Arsenal,DF,27,7.8,0.13,0.64,0,0
Nathan Aké,Manchester City,DF,30,7.7,0.13,0.91,0,0
Ola Aina,Nottingham,DF,28,17.6,0.06,0.68,0,0
Myles Lewis-Skelly,Arsenal,"MF,DF",18,7.9,0.0,0.25,0,0
Victor Lindelöf,Aston Villa,"DF,MF",31,10.5,0.0,0.28,0,0
Tino Livramento,Newcastle,DF,22,14.8,0.0,0.2,0,0
Will Hughes,Crystal Palace,MF,30,17.5,0.0,0.97,0,0
Rico Henry,Brentford,DF,28,14.8,0.0,0.34,0,0
Reinildo Mandava,Sunderland,DF,31,21.8,0.0,0.18,0,0
Ayden Heaven,Manchester Utd,DF,18,10.3,0.0,0.29,0,0
Jorrel Hato,Chelsea,DF,19,12.8,0.0,0.31,0,0
Lisandro Martínez,Manchester Utd,DF,27,13.7,0.0,0.36,0,0
Noussair Mazraoui,Manchester Utd,"DF,MF",27,10.9,0.0,0.46,0,0
Cristhian Mosquera,Arsenal,DF,21,11.0,0.0,0.09,0,0
Wilfried Gnonto,Leeds United,FW,21,6.0,0.0,1.68,1,0
David Møller Wolfe,Wolves,"MF,DF",23,11.7,0.0,0.26,0,0
Radu Drăgușin,Tottenham,DF,23,5.7,0.0,0.7,0,0
Matt Doherty,Wolves,"DF,MF",33,8.7,0.0,0.34,0,0
Bafodé Diakité,Bournemouth,DF,24,14.2,0.0,0.07,0,0
Jorge Cuenca,Fulham,DF,25,10.4,0.0,0.1,0,0
Lewis Cook,Bournemouth,"MF,DF",28,9.7,0.0,0.31,0,0
Oliver Scarles,West Ham,"DF,MF",19,7.3,0.0,0.41,0,0
Nathaniel Clyne,Crystal Palace,"MF,DF",34,6.6,0.0,0.45,0,0
Adam Smith,Bournemouth,DF,34,12.0,0.0,0.0,0,0
Conor Bradley,Liverpool,DF,22,10.3,0.0,0.58,0,0
Olivier Boscagli,Brighton,DF,27,8.9,0.0,0.11,0,0
Lamare Bogarde,Aston Villa,"MF,DF",21,11.7,0.0,0.0,0,0
Oscar Bobb,Manchester City,"MF,FW",22,5.2,0.0,0.77,1,0
Jean-Clair Todibo,West Ham,DF,25,20.2,0.0,0.1,0,0
Kieran Trippier,Newcastle,DF,34,17.6,0.0,0.11,0,0
