,,,,,Play,Play,Play,Play,Perf,Perf,Perf,Perf,Perf,Perf,Perf,Perf,Per,Per,Per,Per,Per
Rk,Player,Pos,Squad,Age,MP▼,Starts,Min,90s,Gls,Ast,G+A,G-PK,PK,PKatt,CrdY,CrdR,Gls,Ast,G+A,G-PK,G+A-PK
1,Bernd Leno,GK,Fulham,33,38,38,"3,420",38,0,0,0,0,0,0,3,0,0,0,0,0,0
2,Đorđe Petrović,GK,Bournemouth,25,38,38,"3,420",38,0,0,0,0,0,0,3,0,0,0,0,0,0
3,Jordan Pickford,GK,Everton,31,38,38,"3,420",38,0,0,0,0,0,0,4,0,0,0,0,0,0
4,Virgil van Dijk,DF,Liverpool,34,38,38,"3,420",38,6,0,6,6,0,0,4,0,0.16,0,0.16,0.16,0.16
5,Bart Verbruggen,GK,Brighton,22,38,38,"3,420",38,0,0,0,0,0,0,3,0,0,0,0,0,0
6,James Garner,"MF,DF",Everton,24,38,38,"3,413",37.9,2,7,9,2,0,0,12,0,0.05,0.18,0.24,0.05,0.24
7,Jarrod Bowen,"MF,FW",West Ham,28,38,38,"3,403",37.8,9,11,20,8,1,1,4,0,0.24,0.29,0.53,0.21,0.5
8,Adrien Truffert,DF,Bournemouth,23,38,38,"3,379",37.5,1,5,6,1,0,0,5,0,0.03,0.13,0.16,0.03,0.16
9,Nikola Milenković,DF,Nottingham,27,38,37,"3,375",37.5,0,0,0,0,0,0,6,0,0,0,0,0,0
10,Elliot Anderson,MF,Nottingham,22,38,37,"3,331",37,4,4,8,3,1,1,8,0,0.11,0.11,0.22,0.08,0.19
11,Dean Henderson,GK,Crystal Palace,28,37,37,"3,330",37,0,0,0,0,0,0,5,0,0,0,0,0,0
12,Caoimhín Kelleher,GK,Brentford,26,37,37,"3,330",37,0,0,0,0,0,0,1,0,0,0,0,0,0
13,David Raya,GK,Arsenal,29,37,37,"3,330",37,0,0,0,0,0,0,1,0,0,0,0,0,0
14,James Tarkowski,DF,Everton,32,37,37,"3,330",37,2,3,5,2,0,0,8,0,0.05,0.08,0.14,0.05,0.14
15,Marcos Senesi,DF,Bournemouth,28,37,37,"3,288",36.5,0,5,5,0,0,0,8,0,0,0.14,0.14,0,0.14
16,Igor Thiago,FW,Brentford,24,38,37,"3,282",36.5,22,1,23,14,8,9,7,0,0.6,0.03,0.63,0.38,0.41
17,Morgan Rogers,MF,Aston Villa,23,37,37,"3,280",36.4,10,6,16,10,0,0,7,0,0.27,0.16,0.44,0.27,0.44
18,Michael Kayode,DF,Brentford,21,37,37,"3,258",36.2,1,1,2,1,0,0,8,0,0.03,0.03,0.06,0.03,0.06
19,Tyrick Mitchell,MF,Crystal Palace,25,38,36,"3,251",36.1,1,2,3,1,0,0,6,0,0.03,0.06,0.08,0.03,0.08
20,Dominik Szoboszlai,"MF,DF",Liverpool,24,36,36,"3,231",35.9,6,7,13,6,0,1,8,1,0.17,0.19,0.36,0.17,0.36
21,Luke Shaw,DF,Manchester Utd,30,38,38,"3,219",35.8,1,1,2,1,0,0,9,0,0.03,0.03,0.06,0.03,0.06
22,Jan Paul van Hecke,DF,Brighton,25,36,36,"3,210",35.7,3,3,6,3,0,0,9,0,0.08,0.08,0.17,0.08,0.17
23,Neco Williams,DF,Nottingham,24,37,36,"3,204",35.6,2,3,5,2,0,0,6,1,0.06,0.08,0.14,0.06,0.14
24,Martin Dúbravka,GK,Burnley,36,35,35,"3,150",35,0,0,0,0,0,0,1,0,0,0,0,0,0
25,Robin Roefs,GK,Sunderland,22,35,35,"3,150",35,0,0,0,0,0,0,4,0,0,0,0,0,0
26,Ferdi Kadioglu,"DF,MF",Brighton,25,37,34,"3,133",34.8,1,0,1,1,0,0,6,0,0.03,0,0.03,0.03,0.03
27,Jake O'Brien,DF,Everton,24,37,35,"3,120",34.7,1,1,2,1,0,0,6,1,0.03,0.03,0.06,0.03,0.06
28,Ethan Ampadu,MF,Leeds United,24,35,35,"3,119",34.7,1,1,2,1,0,0,10,0,0.03,0.03,0.06,0.03,0.06
29,Enzo Fernández,MF,Chelsea,24,36,35,"3,115",34.6,10,4,14,8,2,2,10,0,0.29,0.12,0.4,0.23,0.35
30,Morgan Gibbs-White,MF,Nottingham,25,37,35,"3,097",34.4,15,4,19,14,1,1,1,0,0.44,0.12,0.55,0.41,0.52
31,Kyle Walker,"DF,MF",Burnley,35,36,35,"3,096",34.4,0,2,2,0,0,0,9,0,0,0.06,0.06,0,0.06
32,Declan Rice,MF,Arsenal,26,36,35,"3,094",34.4,4,5,9,4,0,0,3,0,0.12,0.15,0.26,0.12,0.26
33,Ibrahima Konaté,DF,Liverpool,26,36,36,"3,090",34.3,1,0,1,1,0,0,7,0,0.03,0,0.03,0.03,0.03
34,Maxence Lacroix,DF,Crystal Palace,25,35,35,"3,085",34.3,1,2,3,1,0,0,4,1,0.03,0.06,0.09,0.03,0.09
35,Bruno Fernandes,MF,Manchester Utd,30,35,35,"3,063",34,9,21,30,5,4,6,5,0,0.26,0.62,0.88,0.15,0.76
36,Gianluigi Donnarumma,GK,Manchester City,26,34,34,"3,060",34,0,0,0,0,0,0,8,0,0,0,0,0,0
37,Micky van de Ven,DF,Tottenham,24,35,35,"3,041",33.8,4,1,5,4,0,0,9,1,0.12,0.03,0.15,0.12,0.15
38,Robert Sánchez,GK,Chelsea,27,35,35,"3,039",33.8,0,1,1,0,0,0,3,1,0,0.03,0.03,0,0.03
39,Trai Hume,"DF,MF",Sunderland,23,38,34,"3,036",33.7,2,1,3,2,0,0,9,0,0.06,0.03,0.09,0.06,0.09
40,Ezri Konsa,DF,Aston Villa,27,34,34,"3,035",33.7,0,0,0,0,0,0,0,1,0,0,0,0,0
41,Mateus Fernandes,MF,West Ham,21,36,35,"3,016",33.5,3,4,7,3,0,0,7,0,0.09,0.12,0.21,0.09,0.21
42,Matty Cash,DF,Aston Villa,27,35,34,"3,014",33.5,3,3,6,3,0,0,9,0,0.09,0.09,0.18,0.09,0.18
43,Ryan Gravenberch,MF,Liverpool,23,36,34,"2,992",33.2,5,3,8,5,0,0,5,0,0.15,0.09,0.24,0.15,0.24
44,Martín Zubimendi,MF,Arsenal,26,38,34,"2,992",33.2,5,1,6,5,0,0,4,0,0.15,0.03,0.18,0.15,0.18
45,Nathan Collins,DF,Brentford,24,35,32,"2,975",33.1,1,2,3,1,0,0,7,0,0.03,0.06,0.09,0.03,0.09
46,Malick Thiaw,DF,Newcastle,23,35,33,"2,965",32.9,4,0,4,4,0,0,4,0,0.12,0,0.12,0.12,0.12
47,Vitaliy Mykolenko,DF,Everton,26,33,33,"2,958",32.9,0,1,1,0,0,0,6,0,0,0.03,0.03,0,0.03
48,Erling Haaland,FW,Manchester City,25,35,34,"2,953",32.8,27,8,35,24,3,4,2,0,0.82,0.24,1.07,0.73,0.98
49,Joe Rodon,DF,Leeds United,27,35,33,"2,951",32.8,2,0,2,2,0,0,3,0,0.06,0,0.06,0.06,0.06
50,Pascal Struijk,DF,Leeds United,25,34,33,"2,936",32.6,0,1,1,0,0,0,5,0,0,0.03,0.03,0,0.03
51,Maxime Estève,DF,Burnley,23,34,34,"2,932",32.6,0,0,0,0,0,0,1,0,0,0,0,0,0
52,Enzo Le Fée,"MF,FW",Sunderland,25,36,33,"2,930",32.6,5,6,11,2,3,4,5,0,0.15,0.18,0.34,0.06,0.25
53,Sander Berge,MF,Fulham,27,35,34,"2,905",32.3,0,1,1,0,0,0,5,0,0,0.03,0.03,0,0.03
54,Granit Xhaka,MF,Sunderland,32,34,32,"2,904",32.3,1,6,7,1,0,0,8,0,0.03,0.19,0.22,0.03,0.22
55,Noah Sadiki,MF,Sunderland,20,33,33,"2,889",32.1,0,1,1,0,0,0,9,0,0,0.03,0.03,0,0.03
56,Senne Lammens,GK,Manchester Utd,23,32,32,"2,880",32,0,0,0,0,0,0,0,0,0,0,0,0,0
57,Joachim Andersen,DF,Fulham,29,33,33,"2,875",31.9,0,1,1,0,0,0,7,1,0,0.03,0.03,0,0.03
58,Bernardo Silva,MF,Manchester City,30,38,34,"2,872",31.9,2,4,6,2,0,0,10,0,0.06,0.13,0.19,0.06,0.19
59,Matheus Nunes,DF,Manchester City,26,34,32,"2,862",31.8,1,5,6,1,0,0,5,0,0.03,0.16,0.19,0.03,0.19
60,Alex Scott,MF,Bournemouth,21,37,34,"2,849",31.7,3,1,4,3,0,0,5,0,0.09,0.03,0.13,0.09,0.13
61,Ollie Watkins,FW,Aston Villa,29,37,33,"2,839",31.5,16,3,19,16,0,0,4,0,0.51,0.1,0.6,0.51,0.6
62,Lewis Dunk,DF,Brighton,33,33,31,"2,838",31.5,1,0,1,1,0,0,10,0,0.03,0,0.03,0.03,0.03
63,Emiliano Martínez,GK,Aston Villa,32,32,32,"2,835",31.5,0,1,1,0,0,0,2,0,0,0.03,0.03,0,0.03
64,João Gomes,MF,Wolves,24,35,32,"2,829",31.4,1,1,2,1,0,0,10,0,0.03,0.03,0.06,0.03,0.06
65,Chris Richards,DF,Crystal Palace,25,33,31,"2,827",31.4,1,0,1,1,0,0,4,0,0.03,0,0.03,0.03,0.03
66,Omar Alderete,DF,Sunderland,28,33,32,"2,798",31.1,1,1,2,1,0,0,6,0,0.03,0.03,0.06,0.03,0.06
67,Pedro Porro,DF,Tottenham,25,34,32,"2,796",31.1,1,2,3,1,0,0,10,0,0.03,0.06,0.1,0.03,0.1
68,Moisés Caicedo,MF,Chelsea,23,33,32,"2,795",31.1,3,1,4,3,0,0,11,1,0.1,0.03,0.13,0.1,0.13
69,Jayden Bogle,"MF,DF",Leeds United,25,34,32,"2,793",31,1,2,3,1,0,0,6,0,0.03,0.06,0.1,0.03,0.1
70,Guglielmo Vicario,GK,Tottenham,28,31,31,"2,790",31,0,0,0,0,0,0,1,0,0,0,0,0,0
71,Nordi Mukiele,DF,Sunderland,27,32,32,"2,784",30.9,3,3,6,3,0,0,5,0,0.1,0.1,0.19,0.1,0.19
72,Trevoh Chalobah,DF,Chelsea,26,34,31,"2,783",30.9,3,0,3,3,0,0,3,1,0.1,0,0.1,0.1,0.1
73,Iliman Ndiaye,MF,Everton,25,32,32,"2,778",30.9,6,3,9,4,2,2,2,0,0.19,0.1,0.29,0.13,0.23
74,Sepp van den Berg,DF,Brentford,23,32,30,"2,763",30.7,0,2,2,0,0,0,2,0,0,0.07,0.07,0,0.07
75,André,MF,Wolves,24,35,30,"2,762",30.7,1,0,1,1,0,0,12,0,0.03,0,0.03,0.03,0.03
76,Gabriel Magalhães,DF,Arsenal,27,32,30,"2,751",30.6,3,4,7,3,0,0,4,0,0.1,0.13,0.23,0.1,0.23
77,Kevin Schade,"MF,FW",Brentford,23,35,32,"2,745",30.5,8,3,11,8,0,1,6,1,0.26,0.1,0.36,0.26,0.36
78,Evanilson,FW,Bournemouth,25,36,32,"2,742",30.5,6,1,7,6,0,0,2,0,0.2,0.03,0.23,0.2,0.23
79,Cody Gakpo,"MF,FW",Liverpool,26,36,32,"2,737",30.4,7,5,12,7,0,0,3,0,0.23,0.16,0.39,0.23,0.39
80,Marcus Tavernier,MF,Bournemouth,26,34,31,"2,731",30.3,7,4,11,5,2,2,6,0,0.23,0.13,0.36,0.16,0.3
81,Jaidon Anthony,MF,Burnley,25,37,32,"2,722",30.2,8,2,10,8,0,0,4,0,0.26,0.07,0.33,0.26,0.33
82,Dominic Calvert-Lewin,FW,Leeds United,28,35,30,"2,721",30.2,14,1,15,10,4,5,3,0,0.46,0.03,0.5,0.33,0.36
83,Marc Cucurella,DF,Chelsea,27,34,31,"2,707",30.1,1,4,5,1,0,0,8,1,0.03,0.13,0.17,0.03,0.17
84,El Hadji Malick Diouf,"DF,MF",West Ham,20,32,30,"2,707",30.1,0,5,5,0,0,0,6,0,0,0.17,0.17,0,0.17
85,Harry Wilson,MF,Fulham,28,36,32,"2,673",29.7,10,7,17,10,0,0,7,0,0.34,0.24,0.57,0.34,0.57
86,Matz Sels,GK,Nottingham,33,31,30,"2,668",29.6,0,0,0,0,0,0,2,0,0,0,0,0,0
87,João Pedro,"FW,MF",Chelsea,23,35,31,"2,661",29.6,15,5,20,15,0,0,5,0,0.51,0.17,0.68,0.51,0.68
88,Yehor Yarmoliuk,MF,Brentford,21,37,30,"2,659",29.5,1,2,3,1,0,0,7,0,0.03,0.07,0.1,0.03,0.1
89,Alexis Mac Allister,MF,Liverpool,26,37,31,"2,658",29.5,2,4,6,2,0,0,7,0,0.07,0.14,0.2,0.07,0.2
90,Nico O'Reilly,"DF,MF",Manchester City,20,34,29,"2,646",29.4,5,3,8,5,0,0,5,0,0.17,0.1,0.27,0.17,0.27
91,Gabriel Gudmundsson,"DF,MF",Leeds United,26,32,31,"2,631",29.2,0,0,0,0,0,0,6,1,0,0,0,0,0
92,Pedro Neto,"MF,FW",Chelsea,25,34,30,"2,631",29.2,5,6,11,5,0,0,4,1,0.17,0.21,0.38,0.17,0.38
93,Kiernan Dewsbury-Hall,MF,Everton,26,31,30,"2,626",29.2,8,4,12,8,0,0,6,0,0.27,0.14,0.41,0.27,0.41
94,Diogo Dalot,"DF,MF",Manchester Utd,26,34,29,"2,614",29,1,3,4,1,0,0,5,0,0.03,0.1,0.14,0.03,0.14
95,William Saliba,DF,Arsenal,24,31,30,"2,614",29,1,0,1,1,0,0,2,0,0.03,0,0.03,0.03,0.03
96,Bryan Mbeumo,"MF,FW",Manchester Utd,25,33,31,"2,609",29,11,3,14,11,0,0,4,0,0.38,0.1,0.48,0.38,0.48
97,Michael Keane,DF,Everton,32,33,29,"2,591",28.8,3,1,4,3,0,0,1,1,0.1,0.03,0.14,0.1,0.14
98,Casemiro,MF,Manchester Utd,33,34,33,"2,571",28.6,9,2,11,9,0,0,11,1,0.32,0.07,0.39,0.32,0.39
99,Santiago Bueno,DF,Wolves,26,29,28,"2,553",28.4,3,1,4,3,0,0,4,0,0.11,0.04,0.14,0.11,0.14
100,Adam Wharton,MF,Crystal Palace,21,34,29,"2,552",28.4,1,5,6,1,0,0,6,1,0.04,0.18,0.21,0.04,0.21
101,Calvin Bassey,DF,Fulham,25,30,28,"2,534",28.2,1,0,1,1,0,0,5,0,0.04,0,0.04,0.04,0.04
102,Konstantinos Mavropanos,DF,West Ham,27,31,27,"2,534",28.2,3,0,3,3,0,0,2,0,0.11,0,0.11,0.11,0.11
103,Sandro Tonali,MF,Newcastle,25,35,31,"2,534",28.2,0,2,2,0,0,0,4,0,0,0.07,0.07,0,0.07
104,Matheus Cunha,"MF,FW",Manchester Utd,26,33,29,"2,494",27.7,10,2,12,10,0,0,4,0,0.36,0.07,0.43,0.36,0.43
105,Crysencio Summerville,"MF,FW",West Ham,23,31,29,"2,470",27.4,5,2,7,5,0,0,6,0,0.18,0.07,0.26,0.18,0.26
106,Jurriën Timber,DF,Arsenal,24,30,28,"2,454",27.3,3,5,8,3,0,0,5,0,0.11,0.18,0.29,0.11,0.29
107,Bruno Guimarães,MF,Newcastle,27,29,27,"2,453",27.3,9,5,14,7,2,2,6,0,0.33,0.18,0.51,0.26,0.44
108,Brenden Aaronson,"MF,FW",Leeds United,24,37,30,"2,449",27.2,4,5,9,4,0,0,3,0,0.15,0.18,0.33,0.15,0.33
109,Alex Iwobi,MF,Fulham,29,29,29,"2,419",26.9,4,3,7,4,0,0,3,0,0.15,0.11,0.26,0.15,0.26
110,Nick Pope,GK,Newcastle,33,27,27,"2,416",26.8,0,0,0,0,0,0,2,0,0,0,0,0,0
111,Daniel Muñoz,MF,Crystal Palace,29,29,29,"2,399",26.7,4,3,7,4,0,0,7,0,0.15,0.11,0.26,0.15,0.26
112,Yankuba Minteh,MF,Brighton,21,34,26,"2,391",26.6,3,4,7,3,0,0,3,0,0.11,0.15,0.26,0.11,0.26
113,Florian Wirtz,MF,Liverpool,22,33,27,"2,378",26.4,5,3,8,5,0,0,1,0,0.19,0.11,0.3,0.19,0.3
114,Anton Stach,MF,Leeds United,26,29,28,"2,370",26.3,5,3,8,5,0,0,3,0,0.19,0.11,0.3,0.19,0.3
115,Hugo Bueno,"MF,DF",Wolves,22,35,26,"2,366",26.3,1,2,3,1,0,0,3,0,0.04,0.08,0.11,0.04,0.11
116,Ladislav Krejčí,"DF,MF",Wolves,26,28,27,"2,356",26.2,2,1,3,2,0,0,5,1,0.08,0.04,0.11,0.08,0.11
117,Amad Diallo,MF,Manchester Utd,23,32,27,"2,341",26,2,3,5,2,0,0,2,0,0.08,0.12,0.19,0.08,0.19
118,Alisson,GK,Liverpool,32,26,26,"2,340",26,0,0,0,0,0,0,1,0,0,0,0,0,0
119,Lesley Ugochukwu,MF,Burnley,21,35,27,"2,336",26,3,1,4,3,0,0,3,1,0.12,0.04,0.15,0.12,0.15
120,Álex Jiménez,"DF,MF",Bournemouth,20,31,26,"2,317",25.7,1,0,1,1,0,0,10,0,0.04,0,0.04,0.04,0.04
121,Igor Jesus,FW,Nottingham,24,37,28,"2,298",25.5,6,4,10,5,1,1,2,0,0.23,0.16,0.39,0.2,0.35
122,Dango Ouattara,MF,Brentford,23,32,25,"2,276",25.3,7,3,10,7,0,0,5,0,0.28,0.12,0.4,0.28,0.4
123,Malo Gusto,"DF,MF",Chelsea,22,34,26,"2,261",25.1,2,3,5,2,0,0,5,1,0.08,0.12,0.2,0.08,0.2
124,Danny Welbeck,FW,Brighton,34,37,26,"2,258",25.1,13,1,14,12,1,3,5,0,0.52,0.04,0.56,0.48,0.52
125,Milos Kerkez,DF,Liverpool,21,34,27,"2,257",25.1,2,1,3,2,0,0,4,0,0.08,0.04,0.12,0.08,0.12
126,Mathias Jensen,MF,Brentford,29,36,26,"2,247",25,3,1,4,3,0,0,3,0,0.12,0.04,0.16,0.12,0.16
127,Viktor Gyökeres,FW,Arsenal,27,36,26,"2,224",24.7,14,1,15,11,3,3,5,0,0.57,0.04,0.61,0.45,0.49
128,Bukayo Saka,"FW,MF",Arsenal,23,31,25,"2,222",24.7,7,5,12,6,1,1,2,0,0.28,0.2,0.49,0.24,0.45
129,Jean-Philippe Mateta,FW,Crystal Palace,28,32,25,"2,218",24.6,12,0,12,8,4,4,2,0,0.49,0,0.49,0.32,0.32
130,Tomáš Souček,MF,West Ham,30,35,24,"2,200",24.4,5,0,5,5,0,0,3,1,0.2,0,0.2,0.2,0.2
131,Dan Burn,DF,Newcastle,33,29,25,"2,199",24.4,1,2,3,1,0,0,11,1,0.04,0.08,0.12,0.04,0.12
132,João Palhinha,MF,Tottenham,30,33,23,"2,198",24.4,5,2,7,5,0,0,8,0,0.2,0.08,0.29,0.2,0.29
133,Raúl Jiménez,FW,Fulham,34,36,27,"2,189",24.3,9,3,12,5,4,4,5,0,0.37,0.12,0.49,0.21,0.33
134,Lewis Hall,DF,Newcastle,20,30,24,"2,181",24.2,1,1,2,1,0,0,4,0,0.04,0.04,0.08,0.04,0.08
135,Ismaila Sarr,MF,Crystal Palace,27,28,24,"2,174",24.2,9,1,10,6,3,3,2,0,0.37,0.04,0.41,0.25,0.29
136,Daniel Ballard,DF,Sunderland,25,29,24,"2,149",23.9,2,0,2,2,0,0,4,1,0.08,0,0.08,0.08,0.08
137,Mohamed Salah,MF,Liverpool,33,27,23,"2,146",23.8,7,7,14,6,1,1,1,0,0.29,0.29,0.59,0.25,0.55
138,Rúben Dias,DF,Manchester City,28,26,24,"2,141",23.8,2,0,2,2,0,0,3,0,0.08,0,0.08,0.08,0.08
139,John McGinn,MF,Aston Villa,30,30,28,"2,137",23.7,5,4,9,5,0,0,5,0,0.21,0.17,0.38,0.21,0.38
140,Yerson Mosquera,DF,Wolves,24,27,24,"2,136",23.7,0,0,0,0,0,0,12,0,0,0,0,0,0
141,Murillo,DF,Nottingham,23,25,25,"2,130",23.7,1,0,1,1,0,0,5,0,0.04,0,0.04,0.04,0.04
142,Diego Gómez,"MF,FW",Brighton,22,32,26,"2,120",23.6,5,1,6,5,0,0,9,0,0.21,0.04,0.25,0.21,0.25
143,James Hill,DF,Bournemouth,23,29,22,"2,106",23.4,0,3,3,0,0,0,5,0,0,0.13,0.13,0,0.13
144,Florentino Luís,MF,Burnley,25,31,25,"2,105",23.4,0,2,2,0,0,0,6,0,0,0.09,0.09,0,0.09
145,Idrissa Gueye,MF,Everton,35,25,25,"2,093",23.3,2,3,5,2,0,0,1,1,0.09,0.13,0.22,0.09,0.22
146,Phil Foden,MF,Manchester City,25,33,23,"2,086",23.2,7,5,12,7,0,0,4,0,0.3,0.22,0.52,0.3,0.52
147,Aaron Wan-Bissaka,"DF,MF",West Ham,27,25,23,"2,081",23.1,0,2,2,0,0,0,4,0,0,0.09,0.09,0,0.09
148,Yéremy Pino,"MF,FW",Crystal Palace,22,34,26,"2,080",23.1,2,2,4,2,0,0,4,0,0.09,0.09,0.17,0.09,0.17
149,Ibrahim Sangaré,MF,Nottingham,27,28,25,"2,075",23.1,2,2,4,2,0,0,5,0,0.09,0.09,0.17,0.09,0.17
150,José Sá,GK,Wolves,32,23,23,"2,070",23,0,0,0,0,0,0,2,0,0,0,0,0,0
151,Djed Spence,"DF,MF",Tottenham,24,30,23,"2,056",22.8,0,0,0,0,0,0,4,0,0,0,0,0,0
152,Mikkel Damsgaard,MF,Brentford,25,33,24,"2,054",22.8,4,4,8,4,0,0,0,0,0.18,0.18,0.35,0.18,0.35
153,Leandro Trossard,"FW,MF",Arsenal,30,31,21,"2,000",22.2,6,6,12,6,0,0,2,0,0.27,0.27,0.54,0.27,0.54
154,Karl Darlow,GK,Leeds United,34,22,22,"1,980",22,0,0,0,0,0,0,1,0,0,0,0,0,0
155,Keane Lewis-Potter,"DF,MF",Brentford,24,36,22,"1,972",21.9,3,3,6,3,0,0,1,0,0.14,0.14,0.27,0.14,0.27
156,Harvey Barnes,"FW,MF",Newcastle,27,37,19,"1,966",21.8,7,1,8,7,0,0,1,0,0.32,0.05,0.37,0.32,0.37
157,Reinildo Mandava,DF,Sunderland,31,25,23,"1,966",21.8,0,1,1,0,0,0,7,1,0,0.05,0.05,0,0.05
158,Richarlison,"FW,MF",Tottenham,28,32,20,"1,964",21.8,11,4,15,11,0,0,5,0,0.5,0.18,0.69,0.5,0.69
159,Reece James,"DF,MF",Chelsea,25,29,20,"1,963",21.8,2,4,6,2,0,0,4,0,0.09,0.18,0.28,0.09,0.28
160,Cole Palmer,MF,Chelsea,23,26,24,"1,955",21.7,10,1,11,5,5,6,5,0,0.46,0.05,0.51,0.23,0.28
161,Joelinton,MF,Newcastle,28,27,23,"1,951",21.7,2,1,3,2,0,0,10,0,0.09,0.05,0.14,0.09,0.14
162,Curtis Jones,"MF,DF",Liverpool,24,34,18,"1,937",21.5,1,2,3,1,0,0,2,0,0.05,0.09,0.14,0.05,0.14
163,Yasin Ayari,MF,Brighton,21,29,20,"1,929",21.4,3,3,6,3,0,0,1,0,0.14,0.14,0.28,0.14,0.28
164,Brian Brobbey,FW,Sunderland,23,31,22,"1,927",21.4,7,1,8,7,0,0,6,0,0.33,0.05,0.37,0.33,0.37
165,Emile Smith Rowe,MF,Fulham,25,37,22,"1,923",21.4,3,0,3,3,0,0,1,0,0.14,0,0.14,0.14,0.14
166,Jordan Henderson,MF,Brentford,35,32,22,"1,919",21.3,1,3,4,1,0,0,6,0,0.05,0.14,0.19,0.05,0.19
167,Thierno Barry,FW,Everton,22,38,21,"1,914",21.3,8,0,8,8,0,0,3,0,0.38,0,0.38,0.38,0.38
168,Mats Wieffer,DF,Brighton,25,26,23,"1,903",21.1,2,3,5,2,0,0,8,0,0.09,0.14,0.24,0.09,0.24
169,Daichi Kamada,MF,Crystal Palace,28,28,22,"1,902",21.1,0,0,0,0,0,0,3,0,0,0,0,0,0
170,Nick Woltemade,"FW,MF",Newcastle,23,33,24,"1,902",21.1,8,3,11,7,1,1,0,0,0.38,0.14,0.52,0.33,0.47
171,James Justin,"DF,MF",Leeds United,27,29,21,"1,901",21.1,2,1,3,2,0,0,4,0,0.09,0.05,0.14,0.09,0.14
172,Jaka Bijol,DF,Leeds United,26,25,21,"1,890",21,1,2,3,1,0,0,4,0,0.05,0.1,0.14,0.05,0.14
173,Rodrigo Bentancur,MF,Tottenham,28,26,23,"1,883",20.9,1,1,2,1,0,0,7,0,0.05,0.05,0.1,0.05,0.1
174,Cristian Romero,DF,Tottenham,27,23,22,"1,868",20.8,4,1,5,4,0,0,11,2,0.19,0.05,0.24,0.19,0.24
175,Youri Tielemans,MF,Aston Villa,28,25,21,"1,862",20.7,0,4,4,0,0,0,0,0,0,0.19,0.19,0,0.19
176,Lucas Digne,DF,Aston Villa,32,31,21,"1,852",20.6,0,6,6,0,0,0,3,0,0,0.29,0.29,0,0.29
177,Timothy Castagne,"DF,MF",Fulham,29,30,20,"1,845",20.5,0,0,0,0,0,0,4,0,0,0,0,0,0
178,Jackson Tchatchoua,"MF,DF",Wolves,23,31,19,"1,845",20.5,0,1,1,0,0,0,3,0,0,0.05,0.05,0,0.05
179,Callum Hudson-Odoi,MF,Nottingham,24,30,21,"1,841",20.5,3,4,7,3,0,0,0,0,0.15,0.2,0.34,0.15,0.34
180,Sven Botman,DF,Newcastle,25,25,21,"1,835",20.4,1,1,2,1,0,0,2,0,0.05,0.05,0.1,0.05,0.1
181,Quilindschy Hartman,DF,Burnley,23,21,21,"1,825",20.3,0,5,5,0,0,0,1,0,0,0.25,0.25,0,0.25
182,Ryan Sessegnon,"DF,MF",Fulham,25,27,20,"1,823",20.3,3,1,4,3,0,0,0,0,0.15,0.05,0.2,0.15,0.2
183,Jean-Clair Todibo,DF,West Ham,25,23,22,"1,814",20.2,0,1,1,0,0,0,5,1,0,0.05,0.05,0,0.05
184,Eberechi Eze,"MF,FW",Arsenal,27,32,21,"1,812",20.1,7,2,9,7,0,0,1,0,0.35,0.1,0.45,0.35,0.45
185,Kristoffer Ajer,DF,Brentford,27,27,20,"1,810",20.1,0,1,1,0,0,0,4,0,0,0.05,0.05,0,0.05
186,Hugo Ekitike,FW,Liverpool,23,28,21,"1,803",20,11,4,15,11,0,0,0,0,0.55,0.2,0.75,0.55,0.75
187,Alphonse Areola,GK,West Ham,32,20,20,"1,800",20,0,1,1,0,0,0,0,0,0,0.05,0.05,0,0.05
188,Marc Guéhi,DF,Crystal Palace,25,20,20,"1,800",20,2,2,4,2,0,0,4,0,0.1,0.1,0.2,0.1,0.2
189,Antoine Semenyo,MF,Bournemouth,25,20,20,"1,798",20,10,3,13,9,1,2,6,0,0.5,0.15,0.65,0.45,0.6
190,Anthony Gordon,FW,Newcastle,24,26,24,"1,795",19.9,6,2,8,3,3,3,3,1,0.3,0.1,0.4,0.15,0.25
191,Mateus Mane,MF,Wolves,17,27,19,"1,795",19.9,3,1,4,3,0,0,0,0,0.15,0.05,0.2,0.15,0.2
192,Piero Hincapié,DF,Arsenal,23,25,20,"1,792",19.9,1,2,3,1,0,0,2,0,0.05,0.1,0.15,0.05,0.15
193,Kenny Tete,DF,Fulham,29,22,21,"1,791",19.9,1,0,1,1,0,0,2,0,0.05,0,0.05,0.05,0.05
194,Rayan Cherki,MF,Manchester City,21,33,19,"1,786",19.8,4,12,16,4,0,0,1,0,0.2,0.6,0.81,0.2,0.81
195,Georginio Rutter,"MF,FW",Brighton,23,32,20,"1,786",19.8,3,3,6,3,0,0,2,0,0.15,0.15,0.3,0.15,0.3
196,Jeremy Doku,"MF,FW",Manchester City,23,30,19,"1,784",19.8,5,5,10,5,0,0,0,0,0.25,0.25,0.5,0.25,0.5
197,Tyler Adams,MF,Bournemouth,26,25,21,"1,772",19.7,2,2,4,2,0,0,8,0,0.1,0.1,0.2,0.1,0.2
198,Zian Flemming,FW,Burnley,26,29,21,"1,769",19.7,11,0,11,9,2,2,5,0,0.56,0,0.56,0.46,0.46
199,Josh Laurent,"DF,MF",Burnley,30,33,18,"1,764",19.6,1,0,1,1,0,0,7,1,0.05,0,0.05,0.05,0.05
200,Amadou Onana,MF,Aston Villa,23,25,21,"1,758",19.5,2,0,2,2,0,0,3,0,0.1,0,0.1,0.1,0.1
201,Emi Buendía,MF,Aston Villa,28,36,21,"1,755",19.5,6,2,8,6,0,0,6,0,0.31,0.1,0.41,0.31,0.41
202,Xavi Simons,"MF,FW",Tottenham,22,28,19,"1,755",19.5,2,5,7,2,0,0,5,1,0.1,0.26,0.36,0.1,0.36
203,Jack Hinshelwood,MF,Brighton,20,27,20,"1,741",19.3,4,3,7,4,0,0,0,0,0.21,0.16,0.36,0.21,0.36
204,Leny Yoro,DF,Manchester Utd,19,32,18,"1,740",19.3,0,0,0,0,0,0,1,0,0,0,0,0,0
205,Saša Lukić,MF,Fulham,28,26,20,"1,734",19.3,1,2,3,1,0,0,9,0,0.05,0.1,0.16,0.05,0.16
206,Jefferson Lerma,"MF,DF",Crystal Palace,30,31,18,"1,733",19.3,0,2,2,0,0,0,7,0,0,0.1,0.1,0,0.1
207,Wesley Fofana,DF,Chelsea,24,25,20,"1,722",19.1,0,1,1,0,0,0,9,2,0,0.05,0.05,0,0.05
208,Kaoru Mitoma,"MF,FW",Brighton,28,25,19,"1,721",19.1,3,1,4,3,0,0,5,0,0.16,0.05,0.21,0.16,0.21
209,Riccardo Calafiori,DF,Arsenal,23,26,22,"1,699",18.9,1,2,3,1,0,0,5,0,0.05,0.11,0.16,0.05,0.16
210,Lutsharel Geertruida,"DF,MF",Sunderland,25,28,17,"1,693",18.8,0,0,0,0,0,0,2,0,0,0,0,0,0
211,Omari Hutchinson,MF,Nottingham,21,31,17,"1,688",18.8,1,5,6,1,0,0,1,0,0.05,0.27,0.32,0.05,0.32
212,Pau Torres,DF,Aston Villa,28,21,18,"1,676",18.6,0,0,0,0,0,0,1,0,0,0,0,0,0
213,Eli Junior Kroupi,"MF,FW",Bournemouth,19,33,21,"1,672",18.6,13,0,13,11,2,2,5,0,0.7,0,0.7,0.59,0.59
214,Randal Kolo Muani,"FW,MF",Tottenham,26,30,21,"1,664",18.5,1,1,2,1,0,0,3,0,0.05,0.05,0.11,0.05,0.11
215,Kobbie Mainoo,MF,Manchester Utd,20,28,16,"1,662",18.5,1,2,3,1,0,0,2,0,0.05,0.11,0.16,0.05,0.16
216,Harry Maguire,DF,Manchester Utd,32,23,19,"1,653",18.4,1,2,3,1,0,0,3,1,0.05,0.11,0.16,0.05,0.16
217,Carlos Baleba,MF,Brighton,21,31,23,"1,652",18.4,0,0,0,0,0,0,5,0,0,0,0,0,0
218,Benjamin Šeško,FW,Manchester Utd,22,30,17,"1,643",18.3,11,1,12,11,0,0,2,0,0.6,0.05,0.66,0.6,0.66
219,Pascal Groß,MF,Brighton,34,19,18,"1,636",18.2,1,3,4,1,0,0,2,0,0.06,0.17,0.22,0.06,0.22
220,Tijjani Reijnders,MF,Manchester City,27,28,19,"1,631",18.1,5,2,7,5,0,0,2,0,0.28,0.11,0.39,0.28,0.39
221,Jack Grealish,MF,Everton,29,20,18,"1,627",18.1,2,6,8,2,0,0,5,1,0.11,0.33,0.44,0.11,0.44
222,Mads Hermansen,GK,West Ham,25,18,18,"1,620",18,0,1,1,0,0,0,0,0,0,0.06,0.06,0,0.06
223,Jacob Murphy,"FW,MF",Newcastle,30,33,19,"1,617",18,3,2,5,3,0,0,2,0,0.17,0.11,0.28,0.17,0.28
224,Ian Maatsen,DF,Aston Villa,23,30,17,"1,605",17.8,0,1,1,0,0,0,2,0,0,0.06,0.06,0,0.06
225,Ola Aina,DF,Nottingham,28,18,18,"1,588",17.6,0,0,0,0,0,0,3,0,0,0,0,0,0
226,Kieran Trippier,DF,Newcastle,34,21,18,"1,586",17.6,0,1,1,0,0,0,3,0,0,0.06,0.06,0,0.06
227,Bashir Humphreys,"DF,MF",Burnley,22,20,17,"1,578",17.5,0,0,0,0,0,0,6,0,0,0,0,0,0
228,Will Hughes,MF,Crystal Palace,30,31,19,"1,571",17.5,0,0,0,0,0,0,7,0,0,0,0,0,0
229,Nicolás González,MF,Manchester City,23,25,17,"1,569",17.4,1,0,1,1,0,0,6,0,0.06,0,0.06,0.06,0.06
230,Beto,FW,Everton,27,37,17,"1,568",17.4,9,1,10,9,0,0,3,0,0.52,0.06,0.57,0.52,0.57
231,Max Kilman,DF,West Ham,28,21,17,"1,561",17.3,0,0,0,0,0,0,4,0,0,0,0,0,0
232,Noah Okafor,"FW,MF",Leeds United,25,28,19,"1,561",17.3,8,1,9,8,0,0,3,0,0.46,0.06,0.52,0.46,0.52
233,Chemsdine Talbi,"MF,FW",Sunderland,20,28,16,"1,561",17.3,4,1,5,4,0,0,0,0,0.23,0.06,0.29,0.23,0.29
234,Hjalmar Ekdal,DF,Burnley,26,19,17,"1,539",17.1,0,0,0,0,0,0,0,0,0,0,0,0,0
235,Mohammed Kudus,"MF,FW",Tottenham,24,19,19,"1,535",17.1,2,5,7,2,0,0,3,0,0.12,0.29,0.41,0.12,0.41
236,Josh Cullen,MF,Burnley,29,18,18,"1,514",16.8,2,2,4,2,0,0,2,0,0.12,0.12,0.24,0.12,0.24
237,Lucas Paquetá,"MF,FW",West Ham,27,18,18,"1,511",16.8,4,1,5,2,2,2,7,1,0.24,0.06,0.3,0.12,0.18
238,Rodri,MF,Manchester City,29,21,17,"1,511",16.8,1,0,1,1,0,0,3,0,0.06,0,0.06,0.06,0.06
239,Lewis Miley,"MF,DF",Newcastle,19,23,15,"1,496",16.6,1,4,5,1,0,0,0,0,0.06,0.24,0.3,0.06,0.3
240,Kevin Danso,DF,Tottenham,26,24,17,"1,494",16.6,0,0,0,0,0,0,8,0,0,0,0,0,0
241,Antonee Robinson,"DF,MF",Fulham,27,22,17,"1,492",16.6,1,0,1,0,1,1,5,0,0.06,0,0.06,0,0
242,Tim Iroegbunam,MF,Everton,22,29,17,"1,487",16.5,0,2,2,0,0,0,9,0,0,0.12,0.12,0,0.12
243,Archie Gray,"MF,DF",Tottenham,19,24,18,"1,478",16.4,2,2,4,2,0,0,5,0,0.12,0.12,0.24,0.12,0.24
244,Jacob Ramsey,MF,Newcastle,24,28,15,"1,450",16.1,2,3,5,2,0,0,5,1,0.12,0.19,0.31,0.12,0.31
245,Patrick Dorgu,MF,Manchester Utd,20,26,15,"1,449",16.1,4,4,8,4,0,0,5,0,0.25,0.25,0.5,0.25,0.5
246,Hwang Hee-chan,"FW,MF",Wolves,29,26,18,"1,446",16.1,2,2,4,1,1,1,5,0,0.12,0.12,0.25,0.06,0.19
247,Vitaly Janelt,MF,Brentford,27,25,15,"1,443",16,1,4,5,1,0,0,8,0,0.06,0.25,0.31,0.06,0.31
248,Lucas Perri,GK,Leeds United,27,16,16,"1,440",16,0,0,0,0,0,0,2,0,0,0,0,0,0
249,Abdukodir Khusanov,DF,Manchester City,21,21,15,"1,432",15.9,0,0,0,0,0,0,2,0,0,0,0,0,0
250,Toti Gomes,DF,Wolves,26,19,17,"1,424",15.8,0,0,0,0,0,0,2,1,0,0,0,0,0
251,Tolu Arokodare,FW,Wolves,24,33,13,"1,419",15.8,3,1,4,3,0,1,1,0,0.19,0.06,0.25,0.19,0.25
252,Maxim De Cuyper,"DF,MF",Brighton,24,30,17,"1,414",15.7,2,3,5,2,0,0,2,0,0.13,0.19,0.32,0.13,0.32
253,Boubacar Kamara,MF,Aston Villa,25,18,17,"1,411",15.7,1,3,4,1,0,0,5,0,0.06,0.19,0.26,0.06,0.26
254,Lucas,"MF,DF",Burnley,24,20,15,"1,409",15.7,0,0,0,0,0,0,1,1,0,0,0,0,0
255,Habib Diarra,MF,Sunderland,21,20,15,"1,405",15.6,2,2,4,1,1,1,6,0,0.13,0.13,0.26,0.06,0.19
256,Jørgen Strand Larsen,FW,Wolves,25,22,14,"1,404",15.6,1,1,2,0,1,2,2,0,0.06,0.06,0.13,0,0.06
257,Pape Matar Sarr,MF,Tottenham,22,26,13,"1,398",15.5,2,4,6,2,0,0,3,0,0.13,0.26,0.39,0.13,0.39
258,Antoine Semenyo,"MF,FW",Manchester City,25,17,17,"1,397",15.5,7,1,8,7,0,0,1,0,0.45,0.06,0.52,0.45,0.52
259,Valentín Castellanos,FW,West Ham,26,18,17,"1,384",15.4,6,0,6,6,0,0,6,0,0.39,0,0.39,0.39,0.39
260,Kyle Walker-Peters,DF,West Ham,28,23,15,"1,383",15.4,1,0,1,1,0,0,2,0,0.07,0,0.07,0.07,0.07
261,Joško Gvardiol,DF,Manchester City,23,18,16,"1,372",15.2,2,2,4,2,0,0,2,0,0.13,0.13,0.26,0.13,0.26
262,Lyle Foster,"FW,MF",Burnley,24,26,15,"1,371",15.2,3,2,5,3,0,0,4,0,0.2,0.13,0.33,0.2,0.33
263,Martin Ødegaard,MF,Arsenal,26,24,16,"1,369",15.2,1,6,7,1,0,0,0,0,0.07,0.39,0.46,0.07,0.46
264,Marc Guéhi,DF,Manchester City,25,15,15,"1,350",15,1,1,2,1,0,0,2,0,0.07,0.07,0.13,0.07,0.13
265,Mathys Tel,"MF,FW",Tottenham,20,31,13,"1,349",15,4,1,5,4,0,0,1,0,0.27,0.07,0.33,0.27,0.33
266,Morato,DF,Nottingham,24,21,14,"1,345",14.9,1,0,1,1,0,0,5,0,0.07,0,0.07,0.07,0.07
267,Destiny Udogie,"DF,MF",Tottenham,22,20,14,"1,338",14.9,0,1,1,0,0,0,4,0,0,0.07,0.07,0,0.07
268,Jaydee Canvot,DF,Crystal Palace,19,20,14,"1,336",14.8,0,0,0,0,0,0,3,0,0,0,0,0,0
269,Rico Henry,DF,Brentford,28,25,14,"1,328",14.8,0,1,1,0,0,0,2,0,0,0.07,0.07,0,0.07
270,Tino Livramento,DF,Newcastle,22,17,14,"1,328",14.8,0,1,1,0,0,0,1,0,0,0.07,0.07,0,0.07
271,Tyrone Mings,DF,Aston Villa,32,17,15,"1,324",14.7,0,0,0,0,0,0,1,0,0,0,0,0,0
272,Ilia Gruev,MF,Leeds United,25,23,15,"1,323",14.7,0,3,3,0,0,0,3,0,0,0.2,0.2,0,0.2
273,Anthony Elanga,"FW,MF",Newcastle,23,32,14,"1,319",14.7,0,1,1,0,0,0,0,0,0,0.07,0.07,0,0.07
274,Ao Tanaka,MF,Leeds United,26,28,14,"1,315",14.6,2,0,2,2,0,0,1,0,0.14,0,0.14,0.14,0.14
275,Joshua King,MF,Fulham,18,32,15,"1,308",14.5,1,2,3,1,0,0,4,0,0.07,0.14,0.21,0.07,0.21
276,Bafodé Diakité,DF,Bournemouth,24,18,15,"1,277",14.2,0,0,0,0,0,0,1,0,0,0,0,0,0
277,Loum Tchaouna,"MF,FW",Burnley,21,29,14,"1,272",14.1,2,1,3,2,0,0,2,0,0.14,0.07,0.21,0.14,0.21
278,Alejandro Garnacho,MF,Chelsea,21,24,14,"1,268",14.1,1,4,5,1,0,0,2,0,0.07,0.28,0.35,0.07,0.35
279,Andrey Santos,MF,Chelsea,21,27,13,"1,260",14,1,0,1,1,0,0,4,0,0.07,0,0.07,0.07,0.07
280,Axel Disasi,DF,West Ham,27,14,14,"1,254",13.9,0,0,0,0,0,0,1,0,0,0,0,0,0
281,Callum Wilson,FW,West Ham,33,32,11,"1,251",13.9,7,1,8,7,0,0,1,0,0.5,0.07,0.58,0.5,0.58
282,Jean-Ricner Bellegarde,"MF,FW",Wolves,27,26,15,"1,248",13.9,1,1,2,1,0,0,5,0,0.07,0.07,0.14,0.07,0.14
283,Lisandro Martínez,DF,Manchester Utd,27,18,13,"1,233",13.7,0,0,0,0,0,0,0,1,0,0,0,0,0
284,Hannibal Mejbri,MF,Burnley,22,27,15,"1,229",13.7,1,4,5,1,0,0,10,0,0.07,0.29,0.37,0.07,0.37
285,Noni Madueke,"FW,MF",Arsenal,23,26,16,"1,211",13.5,3,1,4,3,0,0,0,0,0.22,0.07,0.3,0.22,0.3
286,David Brooks,MF,Bournemouth,28,31,13,"1,204",13.4,1,3,4,1,0,0,7,0,0.07,0.22,0.3,0.07,0.3
287,Axel Tuanzebe,DF,Burnley,27,14,14,"1,201",13.3,1,0,1,1,0,0,1,0,0.07,0,0.07,0.07,0.07
288,Conor Gallagher,MF,Tottenham,25,16,14,"1,184",13.2,1,1,2,1,0,0,2,0,0.08,0.08,0.15,0.08,0.15
289,Andy Robertson,DF,Liverpool,31,24,11,"1,176",13.1,1,0,1,1,0,0,0,0,0.08,0,0.08,0.08,0.08
290,Nicolás Domínguez,MF,Nottingham,27,27,17,"1,175",13.1,1,1,2,1,0,0,3,0,0.08,0.08,0.15,0.08,0.15
291,Dan Ndoye,MF,Nottingham,24,24,14,"1,173",13,1,1,2,1,0,0,1,0,0.08,0.08,0.15,0.08,0.15
292,Freddie Potts,MF,West Ham,21,22,12,"1,171",13,0,1,1,0,0,0,1,0,0,0.08,0.08,0,0.08
293,Matthijs de Ligt,DF,Manchester Utd,25,13,13,"1,170",13,1,0,1,1,0,0,0,0,0.08,0,0.08,0.08,0.08
294,Dwight McNeil,MF,Everton,25,22,14,"1,168",13,0,1,1,0,0,0,1,0,0,0.08,0.08,0,0.08
295,Wilson Isidor,FW,Sunderland,24,32,11,"1,165",12.9,6,0,6,6,0,0,1,0,0.46,0,0.46,0.46,0.46
296,Jorrel Hato,DF,Chelsea,19,22,12,"1,148",12.8,0,0,0,0,0,0,7,0,0,0,0,0,0
297,Adam Armstrong,"FW,MF",Wolves,28,14,14,"1,140",12.7,2,2,4,1,1,1,3,0,0.16,0.16,0.32,0.08,0.24
298,Jhon Arias,"FW,MF",Wolves,27,23,14,"1,124",12.5,1,0,1,1,0,0,1,0,0.08,0,0.08,0.08,0.08
299,Brennan Johnson,"MF,FW",Crystal Palace,24,18,13,"1,112",12.4,0,1,1,0,0,0,4,0,0,0.08,0.08,0,0.08
300,Rayan,MF,Bournemouth,18,15,13,"1,111",12.3,5,2,7,5,0,0,1,0,0.41,0.16,0.57,0.41,0.57
301,Liam Delap,FW,Chelsea,22,28,12,"1,107",12.3,1,0,1,1,0,0,4,0,0.08,0,0.08,0.08,0.08
302,Emmanuel Agbadou,DF,Wolves,28,14,12,"1,101",12.2,0,0,0,0,0,0,1,1,0,0,0,0,0
303,Amine Adli,MF,Bournemouth,25,31,10,"1,094",12.2,3,1,4,3,0,0,2,0,0.25,0.08,0.33,0.25,0.33
304,Fabian Schär,DF,Newcastle,33,16,11,"1,091",12.1,0,0,0,0,0,0,1,0,0,0,0,0,0
305,Lukas Nmecha,FW,Leeds United,26,31,10,"1,083",12,6,1,7,4,2,3,0,0,0.5,0.08,0.58,0.33,0.42
306,Gabriel Martinelli,"FW,MF",Arsenal,24,30,11,"1,081",12,1,4,5,1,0,0,3,0,0.08,0.33,0.42,0.08,0.42
307,Sam Johnstone,GK,Wolves,32,12,12,"1,080",12,0,0,0,0,0,0,0,0,0,0,0,0,0
308,Samuel Chukwueze,MF,Fulham,26,23,10,"1,079",12,3,4,7,3,0,0,0,0,0.25,0.33,0.58,0.25,0.58
309,Adam Smith,DF,Bournemouth,34,22,14,"1,077",12,0,2,2,0,0,0,3,0,0,0.17,0.17,0,0.17
310,Marcus Edwards,"MF,FW",Burnley,26,23,11,"1,067",11.9,1,3,4,1,0,0,0,0,0.08,0.25,0.34,0.08,0.34
311,Joël Veltman,DF,Brighton,33,24,9,"1,058",11.8,1,0,1,1,0,0,5,0,0.09,0,0.09,0.09,0.09
312,Lamare Bogarde,"MF,DF",Aston Villa,21,28,11,"1,053",11.7,0,0,0,0,0,0,5,0,0,0,0,0,0
313,David Møller Wolfe,"MF,DF",Wolves,23,22,11,"1,049",11.7,0,2,2,0,0,0,1,0,0,0.17,0.17,0,0.17
314,Kevin,MF,Fulham,22,26,9,"1,041",11.6,1,1,2,1,0,0,1,0,0.09,0.09,0.17,0.09,0.17
315,Jeremie Frimpong,"DF,MF",Liverpool,24,21,12,"1,040",11.6,0,1,1,0,0,0,1,0,0,0.09,0.09,0,0.09
316,Mikel Merino,"MF,FW",Arsenal,29,22,10,"1,036",11.5,4,3,7,4,0,0,1,0,0.35,0.26,0.61,0.35,0.61
317,Jacob Bruun Larsen,"MF,FW",Burnley,26,28,10,"1,030",11.4,0,1,1,0,0,0,0,0,0,0.09,0.09,0,0.09
318,Nicolò Savona,DF,Nottingham,22,14,11,"1,028",11.4,2,0,2,2,0,0,2,0,0.18,0,0.18,0.18,0.18
319,Mason Mount,MF,Manchester Utd,26,23,12,"1,017",11.3,3,0,3,3,0,0,2,0,0.27,0,0.27,0.27,0.27
320,Sean Longstaff,MF,Leeds United,27,23,10,"1,011",11.2,2,2,4,2,0,0,2,0,0.18,0.18,0.36,0.18,0.36
321,Aaron Ramsdale,GK,Newcastle,27,12,11,"1,004",11.2,0,0,0,0,0,0,2,0,0,0,0,0,0
322,Dominic Solanke,FW,Tottenham,27,15,11,"1,001",11.1,3,0,3,3,0,0,1,0,0.27,0,0.27,0.27,0.27
323,Rodrigo Muniz,FW,Fulham,24,21,10,"1,000",11.1,1,1,2,1,0,0,2,0,0.09,0.09,0.18,0.09,0.18
324,Ryan Christie,MF,Bournemouth,30,26,9,994,11,2,0,2,2,0,0,3,1,0.18,0,0.18,0.18,0.18
325,Cristhian Mosquera,DF,Arsenal,21,20,9,994,11,0,0,0,0,0,0,4,0,0,0,0,0,0
326,Noussair Mazraoui,"DF,MF",Manchester Utd,27,20,11,985,10.9,0,0,0,0,0,0,3,0,0,0,0,0,0
327,Wilson Odobert,"MF,FW",Tottenham,20,24,10,985,10.9,0,2,2,0,0,0,0,0,0,0.18,0.18,0,0.18
328,Joe Willock,MF,Newcastle,25,24,10,983,10.9,0,2,2,0,0,0,3,0,0,0.18,0.18,0,0.18
329,Soungoutou Magassa,MF,West Ham,21,22,11,981,10.9,1,0,1,1,0,0,4,0,0.09,0,0.09,0.09,0.09
330,Rayan Aït-Nouri,DF,Manchester City,24,17,12,974,10.8,0,2,2,0,0,0,2,0,0,0.18,0.18,0,0.18
331,Lucas Bergvall,MF,Tottenham,19,23,11,965,10.7,1,3,4,1,0,0,2,0,0.09,0.28,0.37,0.09,0.37
332,Rodrigo Gomes,"MF,FW",Wolves,22,22,9,960,10.7,3,0,3,3,0,0,0,0,0.28,0,0.28,0.28,0.28
333,Justin Kluivert,MF,Bournemouth,26,20,10,952,10.6,2,0,2,2,0,0,5,0,0.19,0,0.19,0.19,0.19
334,Victor Lindelöf,"DF,MF",Aston Villa,31,17,11,948,10.5,0,1,1,0,0,0,0,0,0,0.09,0.09,0,0.09
335,Jorge Cuenca,DF,Fulham,25,15,11,938,10.4,0,0,0,0,0,0,6,0,0,0,0,0,0
336,Conor Bradley,DF,Liverpool,22,15,12,929,10.3,0,1,1,0,0,0,5,0,0,0.1,0.1,0,0.1
337,Ayden Heaven,DF,Manchester Utd,18,17,11,924,10.3,0,1,1,0,0,0,2,0,0,0.1,0.1,0,0.1
338,Jørgen Strand Larsen,FW,Crystal Palace,25,14,12,903,10,3,0,3,3,0,0,2,0,0.3,0,0.3,0.3,0.3
339,Chris Wood,FW,Nottingham,33,15,11,901,10,3,0,3,3,0,0,0,0,0.3,0,0.3,0.3,0.3
340,Manuel Ugarte,MF,Manchester Utd,24,22,8,887,9.9,0,0,0,0,0,0,1,0,0,0,0,0,0
341,Jadon Sancho,MF,Aston Villa,25,23,9,876,9.7,0,2,2,0,0,0,0,0,0,0.21,0.21,0,0.21
342,Marshall Munetsi,"MF,FW",Wolves,29,13,9,875,9.7,1,1,2,1,0,0,2,0,0.1,0.1,0.21,0.1,0.21
343,Lewis Cook,"MF,DF",Bournemouth,28,18,8,874,9.7,0,1,1,0,0,0,1,1,0,0.1,0.1,0,0.1
344,Giorgi Mamardashvili,GK,Liverpool,24,10,10,867,9.6,0,0,0,0,0,0,0,0,0,0,0,0,0
345,Armando Broja,FW,Burnley,23,24,8,860,9.6,1,1,2,1,0,0,0,0,0.1,0.1,0.21,0.1,0.21
346,Ross Barkley,MF,Aston Villa,31,21,7,857,9.5,3,1,4,3,0,0,1,0,0.32,0.11,0.42,0.32,0.42
347,Estêvão Willian,MF,Chelsea,18,22,12,848,9.4,2,2,4,2,0,0,4,0,0.21,0.21,0.42,0.21,0.42
348,Sávio,MF,Manchester City,21,24,7,833,9.3,1,1,2,1,0,0,2,0,0.11,0.11,0.22,0.11,0.22
349,Pablo,"MF,FW",West Ham,21,14,10,823,9.1,0,1,1,0,0,0,0,0,0,0.11,0.11,0,0.11
350,William Osula,FW,Newcastle,21,24,8,819,9.1,7,0,7,7,0,0,0,0,0.77,0,0.77,0.77,0.77
351,Issa Diop,DF,Fulham,28,13,8,816,9.1,1,0,1,1,0,0,2,0,0.11,0,0.11,0.11,0.11
352,Olivier Boscagli,DF,Brighton,27,12,9,802,8.9,0,1,1,0,0,0,2,0,0,0.11,0.11,0,0.11
353,Justin Devenny,"MF,FW",Crystal Palace,21,21,7,796,8.8,1,0,1,0,1,1,0,0,0.11,0,0.11,0,0
354,Tosin Adarabioyo,DF,Chelsea,27,16,8,795,8.8,0,0,0,0,0,0,2,0,0,0,0,0,0
355,Matt Doherty,"DF,MF",Wolves,33,11,11,787,8.7,0,0,0,0,0,0,4,0,0,0,0,0,0
356,James Milner,MF,Brighton,39,20,7,784,8.7,1,1,2,0,1,1,2,0,0.11,0.11,0.23,0,0.11
357,Tom Cairney,MF,Fulham,34,24,6,775,8.6,2,0,2,2,0,0,3,0,0.23,0,0.23,0.23,0.23
358,Chris Rigg,MF,Sunderland,18,18,11,761,8.5,1,1,2,1,0,0,1,0,0.12,0.12,0.24,0.12,0.24
359,Eliezer Mayenda,"FW,MF",Sunderland,20,20,8,759,8.4,2,0,2,2,0,0,0,0,0.24,0,0.24,0.24,0.24
360,Brajan Gruda,MF,Brighton,21,18,8,719,8,1,1,2,1,0,0,2,0,0.13,0.13,0.25,0.13,0.25
361,Myles Lewis-Skelly,"MF,DF",Arsenal,18,20,5,709,7.9,0,0,0,0,0,0,3,0,0,0,0,0,0
362,Ben White,DF,Arsenal,27,12,9,702,7.8,0,1,1,0,0,0,0,0,0,0.13,0.13,0,0.13
363,Omar Marmoush,"FW,MF",Manchester City,26,21,8,700,7.8,3,3,6,3,0,0,3,0,0.39,0.39,0.77,0.39,0.77
364,Alexander Isak,FW,Liverpool,25,14,8,699,7.8,3,1,4,3,0,0,0,0,0.39,0.13,0.52,0.39,0.52
365,Nathan Aké,DF,Manchester City,30,18,6,695,7.7,0,0,0,0,0,0,1,0,0,0,0,0,0
366,Aaron Hickey,"DF,MF",Brentford,23,21,8,691,7.7,0,0,0,0,0,0,1,0,0,0,0,0,0
367,Carlos Alcaraz,MF,Everton,22,20,6,689,7.7,0,1,1,0,0,0,4,0,0,0.13,0.13,0,0.13
368,James Ward-Prowse,MF,Burnley,30,13,7,684,7.6,0,1,1,0,0,0,1,0,0,0.13,0.13,0,0.13
369,Merlin Röhl,MF,Everton,23,16,6,682,7.6,1,0,1,1,0,0,0,0,0.13,0,0.13,0.13,0.13
370,Jarrad Branthwaite,DF,Everton,23,10,7,680,7.6,1,0,1,1,0,0,1,0,0.13,0,0.13,0.13,0.13
371,Joshua Acheampong,DF,Chelsea,19,17,8,666,7.4,1,0,1,1,0,0,1,0,0.14,0,0.14,0.14,0.14
372,Oliver Scarles,"DF,MF",West Ham,19,13,9,659,7.3,0,0,0,0,0,0,2,0,0,0,0,0,0
373,Donyell Malen,"FW,MF",Aston Villa,26,21,5,656,7.3,4,1,5,4,0,0,0,0,0.55,0.14,0.69,0.55,0.69
374,Simon Adingra,"MF,FW",Sunderland,23,14,9,653,7.3,1,0,1,1,0,0,2,0,0.14,0,0.14,0.14,0.14
375,Bertrand Traoré,"MF,FW",Sunderland,29,12,9,632,7,1,0,1,1,0,0,1,0,0.14,0,0.14,0.14,0.14
376,Antonín Kinský,GK,Tottenham,22,7,7,630,7,0,0,0,0,0,0,1,0,0,0,0,0,0
377,Joshua Zirkzee,"FW,MF",Manchester Utd,24,24,5,626,7,2,1,3,2,0,0,3,0,0.29,0.14,0.43,0.29,0.43
378,Ryan Yates,MF,Nottingham,27,22,2,617,6.9,0,2,2,0,0,0,3,0,0,0.29,0.29,0,0.29
379,Brennan Johnson,"MF,FW",Tottenham,24,16,6,610,6.8,2,0,2,2,0,0,2,0,0.3,0,0.3,0.3,0.3
380,Joe Gomez,DF,Liverpool,28,21,7,607,6.7,0,2,2,0,0,0,4,0,0,0.3,0.3,0,0.3
381,Douglas Luiz,MF,Aston Villa,27,13,7,604,6.7,1,0,1,1,0,0,1,0,0.15,0,0.15,0.15,0.15
382,Yves Bissouma,MF,Tottenham,28,11,7,603,6.7,0,0,0,0,0,0,4,0,0,0,0,0,0
383,Nathaniel Clyne,"MF,DF",Crystal Palace,34,10,7,594,6.6,0,1,1,0,0,0,1,0,0,0.15,0.15,0,0.15
384,Evann Guessand,MF,Aston Villa,24,13,6,588,6.5,0,1,1,0,0,0,0,0,0,0.15,0.15,0,0.15
385,Marco Bizot,GK,Aston Villa,34,7,6,585,6.5,0,0,0,0,0,0,2,0,0,0,0,0,0
386,Kai Havertz,"FW,MF",Arsenal,26,12,7,581,6.5,2,3,5,2,0,0,1,0,0.31,0.46,0.77,0.31,0.77
387,Oscar Bobb,MF,Fulham,22,14,6,571,6.3,0,0,0,0,0,0,0,0,0,0,0,0,0
388,Luke O'Nien,DF,Sunderland,30,12,5,569,6.3,0,1,1,0,0,0,1,1,0,0.16,0.16,0,0.16
389,Rio Ngumoha,MF,Liverpool,16,19,5,560,6.2,2,1,3,2,0,0,0,0,0.32,0.16,0.48,0.32,0.48
390,Daniel James,"FW,MF",Leeds United,27,19,6,559,6.2,0,0,0,0,0,0,0,0,0,0,0,0,0
391,Dilane Bakwa,MF,Nottingham,22,14,6,553,6.1,0,2,2,0,0,0,1,0,0,0.33,0.33,0,0.33
392,Chadi Riad,DF,Crystal Palace,22,9,6,552,6.1,0,1,1,0,0,0,2,0,0,0.16,0.16,0,0.16
393,Altay Bayındır,GK,Manchester Utd,27,6,6,540,6,0,0,0,0,0,0,0,0,0,0,0,0,0
394,Wilfried Gnonto,FW,Leeds United,21,23,4,537,6,0,1,1,0,0,0,3,0,0,0.17,0.17,0,0.17
395,Yoane Wissa,FW,Newcastle,28,19,4,531,5.9,1,1,2,1,0,0,3,0,0.17,0.17,0.34,0.17,0.34
396,Harrison Armstrong,MF,Everton,18,13,6,529,5.9,0,0,0,0,0,0,0,0,0,0,0,0,0
397,Jair Cunha,DF,Nottingham,20,9,6,517,5.7,0,0,0,0,0,0,0,0,0,0,0,0,0
398,Radu Drăgușin,DF,Tottenham,23,10,5,517,5.7,0,0,0,0,0,0,0,0,0,0,0,0,0
399,Joe Worrall,DF,Burnley,28,11,5,500,5.6,0,0,0,0,0,0,0,0,0,0,0,0,0
400,Jamie Gittens,MF,Chelsea,20,16,5,495,5.5,0,2,2,0,0,0,0,0,0,0.36,0.36,0,0.36
401,Taiwo Awoniyi,FW,Nottingham,27,17,3,494,5.5,4,1,5,4,0,0,2,0,0.73,0.18,0.91,0.73,0.91
402,Benoît Badiashile,DF,Chelsea,24,8,6,471,5.2,0,0,0,0,0,0,2,0,0,0,0,0,0
403,Oscar Bobb,"MF,FW",Manchester City,22,9,5,468,5.2,0,1,1,0,0,0,1,0,0,0.19,0.19,0,0.19
404,Angel Gomes,"MF,FW",Wolves,24,12,7,461,5.1,0,0,0,0,0,0,1,0,0,0,0,0,0
405,Leon Bailey,MF,Aston Villa,27,13,3,459,5.1,0,1,1,0,0,0,1,0,0,0.2,0.2,0,0.2
406,John Stones,DF,Manchester City,31,9,5,439,4.9,0,0,0,0,0,0,0,0,0,0,0,0,0
407,John,GK,Nottingham,29,5,5,437,4.9,0,0,0,0,0,0,1,0,0,0,0,0,0
408,Sebastiaan Bornauw,DF,Leeds United,26,12,5,429,4.8,0,0,0,0,0,0,1,0,0,0,0,0,0
409,Gabriel Jesus,FW,Arsenal,28,14,3,429,4.8,3,0,3,3,0,0,3,0,0.63,0,0.63,0.63,0.63
410,Ki-Jana Hoever,"MF,DF",Wolves,23,8,6,425,4.7,0,0,0,0,0,0,0,0,0,0,0,0,0
411,Eddie Nketiah,MF,Crystal Palace,26,12,2,424,4.7,2,0,2,2,0,0,2,0,0.42,0,0.42,0.42,0.42
412,James Ward-Prowse,MF,West Ham,30,5,5,413,4.6,0,0,0,0,0,0,0,0,0,0,0,0,0
413,Romaine Mundle,MF,Sunderland,22,14,2,411,4.6,0,0,0,0,0,0,1,0,0,0,0,0,0
414,Niclas Füllkrug,FW,West Ham,32,8,5,409,4.5,0,0,0,0,0,0,0,0,0,0,0,0,0
415,Rico Lewis,DF,Manchester City,20,11,4,407,4.5,0,1,1,0,0,0,2,0,0,0.22,0.22,0,0.22
416,Nilson Angulo,MF,Sunderland,22,8,5,404,4.5,0,0,0,0,0,0,1,0,0,0,0,0,0
417,Roméo Lavia,MF,Chelsea,21,12,4,382,4.2,0,0,0,0,0,0,0,0,0,0,0,0,0
418,Filip Jørgensen,GK,Chelsea,23,5,3,379,4.2,0,0,0,0,0,0,0,0,0,0,0,0,0
419,Charalampos Kostoulas,FW,Brighton,18,21,2,369,4.1,2,1,3,2,0,0,2,0,0.49,0.24,0.73,0.49,0.73
420,Veljko Milosavljević,DF,Bournemouth,18,7,4,368,4.1,0,0,0,0,0,0,0,0,0,0,0,0,0
421,James Trafford,GK,Manchester City,22,4,4,360,4,0,0,0,0,0,0,0,0,0,0,0,0,0
422,Tyler Dibling,MF,Everton,19,14,4,358,4,0,0,0,0,0,0,2,0,0,0,0,0,0
423,Luca Netz,"DF,MF",Nottingham,22,7,3,357,4,0,0,0,0,0,0,0,0,0,0,0,0,0
424,Oleksandr Zinchenko,DF,Nottingham,28,5,4,353,3.9,0,0,0,0,0,0,0,0,0,0,0,0,0
425,Federico Chiesa,MF,Liverpool,27,26,1,339,3.8,2,1,3,2,0,0,3,0,0.53,0.27,0.8,0.53,0.8
426,Evann Guessand,MF,Crystal Palace,24,8,3,330,3.7,1,1,2,1,0,0,0,0,0.27,0.27,0.55,0.27,0.55
427,Dennis Cirkin,DF,Sunderland,23,8,3,323,3.6,0,0,0,0,0,0,2,0,0,0,0,0,0
428,Ethan Pinnock,DF,Brentford,32,4,4,318,3.5,0,0,0,0,0,0,1,0,0,0,0,0,0
429,Douglas Luiz,MF,Nottingham,27,8,5,315,3.5,0,0,0,0,0,0,2,0,0,0,0,0,0
430,James Mcatee,MF,Nottingham,22,14,2,298,3.3,0,1,1,0,0,0,1,0,0,0.3,0.3,0,0.3
431,Tammy Abraham,FW,Aston Villa,27,12,2,286,3.2,2,0,2,2,0,0,0,0,0.63,0,0.63,0.63,0.63
432,Adama Traoré,MF,Fulham,29,15,1,274,3,0,0,0,0,0,0,0,0,0,0,0,0,0
433,Daniel Bentley,GK,Wolves,32,3,3,270,3,0,0,0,0,0,0,0,0,0,0,0,0,0
434,Melker Ellborg,GK,Sunderland,22,3,3,270,3,0,0,0,0,0,0,0,0,0,0,0,0,0
435,Stefan Ortega,GK,Nottingham,32,3,3,270,3,0,0,0,0,0,0,0,0,0,0,0,0,0
436,Max Weiß,GK,Burnley,21,3,3,270,3,0,0,0,0,0,0,0,0,0,0,0,0,0
437,Jack Harrison,FW,Leeds United,28,11,1,269,3,0,0,0,0,0,0,0,0,0,0,0,0,0
438,Pedro Lima,MF,Wolves,19,9,3,260,2.9,0,0,0,0,0,0,0,0,0,0,0,0,0
439,Joël Piroe,FW,Leeds United,25,16,2,258,2.9,0,0,0,0,0,0,0,0,0,0,0,0,0
440,Marc Guiu,FW,Chelsea,19,8,1,257,2.9,0,1,1,0,0,0,1,0,0,0.35,0.35,0,0.35
441,Nathan Patterson,DF,Everton,23,7,3,241,2.7,0,0,0,0,0,0,0,0,0,0,0,0,0
442,Fer López,MF,Wolves,21,9,2,235,2.6,0,1,1,0,0,0,1,0,0,0.38,0.38,0,0.38
443,Enes Ünal,FW,Bournemouth,28,23,0,232,2.6,1,0,1,1,0,0,1,0,0.39,0,0.39,0.39,0.39
444,Levi Colwill,DF,Chelsea,22,3,2,225,2.5,0,0,0,0,0,0,0,0,0,0,0,0,0
445,Tyrique George,MF,Everton,19,11,1,218,2.4,0,0,0,0,0,0,0,0,0,0,0,0,0
446,Freddie Woodman,GK,Liverpool,28,3,2,213,2.4,0,0,0,0,0,0,0,0,0,0,0,0,0
447,Matt O'Riley,MF,Brighton,24,6,2,204,2.3,1,0,1,0,1,1,0,0,0.44,0,0.44,0,0
448,Diego Coppola,DF,Brighton,21,5,2,194,2.2,0,0,0,0,0,0,2,0,0,0,0,0,0
449,Nayef Aguerd,DF,West Ham,29,2,2,180,2,0,0,0,0,0,0,0,0,0,0,0,0,0
450,Guido Rodríguez,MF,West Ham,31,6,2,180,2,0,0,0,0,0,0,1,0,0,0,0,0,0
451,Wataru Endo,DF,Liverpool,32,8,1,175,1.9,0,1,1,0,0,0,1,0,0,0.51,0.51,0,0.51
452,Christantus Uche,FW,Crystal Palace,22,14,0,173,1.9,0,0,0,0,0,0,0,0,0,0,0,0,0
453,Ethan Nwaneri,MF,Arsenal,18,6,0,171,1.9,0,0,0,0,0,0,0,0,0,0,0,0,0
454,Oliver Sonne,DF,Burnley,24,7,1,169,1.9,1,0,1,1,0,0,0,0,0.53,0,0.53,0.53,0.53
455,Zach Abbott,DF,Nottingham,19,3,2,164,1.8,0,0,0,0,0,0,0,0,0,0,0,0,0
456,Andy Irving,MF,West Ham,25,7,2,158,1.8,0,0,0,0,0,0,0,0,0,0,0,0,0
457,Max Dowman,MF,Arsenal,15,6,1,157,1.7,1,0,1,1,0,0,0,0,0.57,0,0.57,0.57,0.57
458,Tyrique George,FW,Chelsea,19,4,0,145,1.6,0,0,0,0,0,0,2,0,0,0,0,0,0
459,Souza,MF,Tottenham,19,4,2,144,1.6,0,0,0,0,0,0,1,0,0,0,0,0,0
460,Alex Tóth,MF,Bournemouth,19,9,2,140,1.6,0,0,0,0,0,0,1,0,0,0,0,0,0
461,Stefanos Tzimas,FW,Brighton,19,9,1,139,1.5,1,1,2,1,0,0,0,0,0.65,0.65,1.29,0.65,1.29
462,Ben Davies,DF,Tottenham,32,3,2,137,1.5,1,0,1,1,0,0,1,0,0.66,0,0.66,0.66,0.66
463,Max Alleyne,DF,Manchester City,20,2,2,135,1.5,0,0,0,0,0,0,0,0,0,0,0,0,0
464,Jenson Seelt,DF,Sunderland,22,2,1,134,1.5,0,0,0,0,0,0,0,0,0,0,0,0,0
465,Mateo Kovačić,MF,Manchester City,31,6,1,130,1.4,0,1,1,0,0,0,0,0,0,0.69,0.69,0,0.69
466,Lorenzo Lucca,FW,Nottingham,24,4,1,129,1.4,1,0,1,1,0,0,0,0,0.7,0,0.7,0.7,0.7
467,Arthur Masuaku,DF,Sunderland,31,3,2,126,1.4,0,0,0,0,0,0,1,0,0,0,0,0,0
468,Reiss Nelson,"FW,MF",Brentford,25,10,0,126,1.4,0,1,1,0,0,0,0,0,0,0.71,0.71,0,0.71
469,Luis Guilherme,FW,West Ham,19,5,1,125,1.4,0,0,0,0,0,0,0,0,0,0,0,0,0
470,Adama Traoré,"FW,MF",West Ham,29,9,0,121,1.3,0,0,0,0,0,0,1,0,0,0,0,0,0
471,Ezra Mayers,DF,West Ham,18,6,0,117,1.3,0,0,0,0,0,0,0,0,0,0,0,0,0
472,Ben Gannon-Doak,MF,Bournemouth,19,8,0,113,1.3,0,1,1,0,0,0,0,0,0,0.8,0.8,0,0.8
473,Harvey Elliott,MF,Aston Villa,22,4,1,112,1.2,0,0,0,0,0,0,0,0,0,0,0,0,0
474,Jack Fletcher,MF,Manchester Utd,18,3,0,108,1.2,0,0,0,0,0,0,0,0,0,0,0,0,0
475,Christian Nørgaard,MF,Arsenal,31,7,1,106,1.2,0,0,0,0,0,0,0,0,0,0,0,0,0
476,Igor,DF,West Ham,27,4,1,105,1.2,0,0,0,0,0,0,0,0,0,0,0,0,0
477,Fabio Carvalho,MF,Brentford,22,6,1,102,1.1,1,0,1,1,0,0,0,0,0.88,0,0.88,0.88,0.88
478,Mamadou Sarr,DF,Chelsea,19,3,1,102,1.1,0,0,0,0,0,0,0,0,0,0,0,0,0
479,Borna Sosa,"DF,MF",Crystal Palace,27,7,0,101,1.1,0,0,0,0,0,0,1,0,0,0,0,0,0
480,Arnaud Kalimuendo,FW,Nottingham,23,9,0,96,1.1,0,0,0,0,0,0,0,0,0,0,0,0,0
481,Harry Howell,MF,Brighton,17,3,1,94,1,0,0,0,0,0,0,0,0,0,0,0,0,0
482,Harrison Reed,MF,Fulham,30,7,1,94,1,1,0,1,1,0,0,0,0,0.96,0,0.96,0.96,0.96
483,Frank Onyeka,MF,Brentford,27,6,0,92,1,0,1,1,0,0,0,0,0,0,0.98,0.98,0,0.98
484,Kepa Arrizabalaga,GK,Arsenal,30,1,1,90,1,0,0,0,0,0,0,0,0,0,0,0,0,0
485,Walter Benítez,GK,Crystal Palace,32,1,1,90,1,0,0,0,0,0,0,0,0,0,0,0,0,0
486,Rio Cardines,MF,Crystal Palace,19,1,1,90,1,0,0,0,0,0,0,0,0,0,0,0,0,0
487,Hákon Valdimarsson,GK,Brentford,23,1,1,90,1,0,0,0,0,0,0,0,0,0,0,0,0,0
488,Andrés García,DF,Aston Villa,22,6,1,86,1,0,0,0,0,0,0,0,0,0,0,0,0,0
489,Eberechi Eze,MF,Crystal Palace,27,1,1,83,0.9,0,0,0,0,0,0,0,0,0,0,0,0,0
490,Mohamadou Kanté,MF,West Ham,19,11,0,75,0.8,0,0,0,0,0,0,2,0,0,0,0,0,0
491,Zeki Amdouni,"FW,MF",Burnley,24,4,0,73,0.8,0,0,0,0,0,0,0,0,0,0,0,0,0
492,Tom Watson,MF,Brighton,19,6,0,62,0.7,0,0,0,0,0,0,1,0,0,0,0,0,0
493,Callum Marshall,FW,West Ham,20,2,0,60,0.7,0,0,0,0,0,0,0,0,0,0,0,0,0
494,Jonah Kusi-Asare,FW,Fulham,18,7,0,55,0.6,0,0,0,0,0,0,1,0,0,0,0,0,0
495,Alysson,MF,Aston Villa,19,3,0,49,0.5,0,0,0,0,0,0,0,0,0,0,0,0,0
496,Ashley Barnes,"FW,MF",Burnley,35,7,0,46,0.5,0,0,0,0,0,0,2,0,0,0,0,0,0
497,Facundo Buonanotte,MF,Chelsea,20,1,1,45,0.5,0,0,0,0,0,0,0,0,0,0,0,0,0
498,Angus Gunn,GK,Nottingham,29,1,0,45,0.5,0,0,0,0,0,0,0,0,0,0,0,0,0
499,Emil Krafth,DF,Newcastle,30,1,1,45,0.5,0,0,0,0,0,0,0,0,0,0,0,0,0
