,,,,,,Perf,Perf,Perf,Perf,Perf,Perf,Perf,Perf,Perf,Perf,Perf,Perf
Rk,Player,Pos,Squad,Age,90s,CrdY,CrdR,2CrdY,Fls,Fld,Off,Crs▼,Int,TklW,PKwon,PKcon,OG
1,James Garner,"MF,DF",Everton,24,37.9,12,0,0,39,42,0,205,57,72,,,0
2,João Gomes,MF,Wolves,24,31.4,10,0,0,69,49,1,31,36,68,,,0
3,Mateus Fernandes,MF,West Ham,21,33.5,7,0,0,49,49,0,51,36,67,,,0
4,Tyrick Mitchell,MF,Crystal Palace,25,36.1,6,0,0,24,28,5,104,33,65,,,0
5,João Palhinha,MF,Tottenham,30,24.4,8,0,0,28,36,0,4,28,61,,,0
6,Neco Williams,DF,Nottingham,24,35.6,6,1,0,29,52,4,143,46,61,,,0
7,Elliot Anderson,MF,Nottingham,22,37,8,0,0,57,80,2,175,41,60,,,0
8,Enzo Le Fée,"MF,FW",Sunderland,25,32.6,5,0,0,31,37,4,98,28,56,,,0
9,Adrien Truffert,DF,Bournemouth,23,37.5,5,0,0,39,32,0,142,43,51,,,0
10,Pedro Porro,DF,Tottenham,25,31.1,10,0,0,32,26,1,232,31,50,,,0
11,Diego Gómez,"MF,FW",Brighton,22,23.6,9,0,0,49,11,1,23,19,49,,,0
12,Florentino Luís,MF,Burnley,25,23.4,6,0,0,40,8,1,11,40,49,,,0
13,Daniel Muñoz,MF,Crystal Palace,29,26.7,7,0,0,34,18,8,62,24,48,,,0
14,Moisés Caicedo,MF,Chelsea,23,31.1,11,1,0,54,55,0,8,59,47,,,0
15,Gabriel Gudmundsson,"DF,MF",Leeds United,26,29.2,6,1,1,31,56,3,88,28,47,,,1
16,Michael Kayode,DF,Brentford,21,36.2,8,0,0,26,50,1,56,39,47,,,1
17,Ethan Ampadu,MF,Leeds United,24,34.7,10,0,0,50,36,0,25,50,46,,,0
18,Trai Hume,"DF,MF",Sunderland,23,33.7,9,0,0,30,38,3,88,25,46,,,1
19,Yehor Yarmoliuk,MF,Brentford,21,29.5,7,0,0,37,12,1,30,28,46,,,0
20,Casemiro,MF,Manchester Utd,33,28.6,11,1,1,46,36,5,19,30,45,,,0
21,Álex Jiménez,"DF,MF",Bournemouth,20,25.7,10,0,0,35,20,0,51,27,45,,,0
22,Nordi Mukiele,DF,Sunderland,27,30.9,5,0,0,35,26,3,85,37,45,,,1
23,Luke Shaw,DF,Manchester Utd,30,35.8,9,0,0,48,20,0,54,43,45,,,0
24,Tim Iroegbunam,MF,Everton,22,16.5,9,0,0,29,20,0,3,22,44,,,0
25,Jayden Bogle,"MF,DF",Leeds United,25,31,6,0,0,39,29,10,67,30,43,,,0
26,Mats Wieffer,DF,Brighton,25,21.1,8,0,0,30,22,2,17,24,43,,,0
27,André,MF,Wolves,24,30.7,12,0,0,47,43,0,40,25,42,,,0
28,Sander Berge,MF,Fulham,27,32.3,5,0,0,35,14,1,13,26,41,,,1
29,Bruno Guimarães,MF,Newcastle,27,27.3,6,0,0,45,75,2,82,16,41,,,0
30,Matheus Nunes,DF,Manchester City,26,31.8,5,0,0,17,30,4,67,29,41,,,0
31,Marc Cucurella,DF,Chelsea,27,30.1,8,1,0,45,29,5,41,28,40,,,0
32,Iliman Ndiaye,MF,Everton,25,30.9,2,0,0,30,37,12,55,17,40,,,0
33,Ferdi Kadioglu,"DF,MF",Brighton,25,34.8,6,0,0,22,36,7,109,25,39,,,0
34,Youri Tielemans,MF,Aston Villa,28,20.7,0,0,0,25,40,1,45,16,39,,,0
35,Martín Zubimendi,MF,Arsenal,26,33.2,4,0,0,33,15,1,13,39,39,,,0
36,James Justin,"DF,MF",Leeds United,27,21.1,4,0,0,13,31,2,38,26,38,,,0
37,Maxence Lacroix,DF,Crystal Palace,25,34.3,4,1,0,34,19,0,5,45,38,,,0
38,Alex Scott,MF,Bournemouth,21,31.7,5,0,0,45,60,1,88,35,38,,,0
39,Kenny Tete,DF,Fulham,29,19.9,2,0,0,27,31,1,34,26,38,,,0
40,Yankuba Minteh,MF,Brighton,21,26.6,3,0,0,32,22,10,159,15,37,,,0
41,Rodrigo Bentancur,MF,Tottenham,28,20.9,7,0,0,19,8,1,7,36,36,,,0
42,Yerson Mosquera,DF,Wolves,24,23.7,12,0,0,34,44,1,18,25,36,,,2
43,Nico O'Reilly,"DF,MF",Manchester City,20,29.4,5,0,0,45,18,1,38,20,36,,,0
44,Adam Wharton,MF,Crystal Palace,21,28.4,6,1,1,35,31,0,86,27,36,,,0
45,Hugo Bueno,"MF,DF",Wolves,22,26.3,3,0,0,17,24,3,166,33,35,,,0
46,Bruno Fernandes,MF,Manchester Utd,30,34,5,0,0,24,35,4,181,21,35,,,0
47,Ryan Gravenberch,MF,Liverpool,23,33.2,5,0,0,38,42,0,8,44,35,,,0
48,Daichi Kamada,MF,Crystal Palace,28,21.1,3,0,0,30,28,1,42,14,35,,,0
49,Chris Richards,DF,Crystal Palace,25,31.4,4,0,0,17,5,0,14,43,35,,,0
50,Anton Stach,MF,Leeds United,26,26.3,3,0,0,36,24,0,155,19,35,,,0
51,Jurriën Timber,DF,Arsenal,24,27.3,5,0,0,38,29,0,46,24,35,,,0
52,Mikkel Damsgaard,MF,Brentford,25,22.8,0,0,0,18,23,4,95,24,34,,,0
53,Marcos Senesi,DF,Bournemouth,28,36.5,8,0,0,35,37,1,28,50,34,,,0
54,Malick Thiaw,DF,Newcastle,23,32.9,4,0,0,24,11,2,9,30,34,,,0
55,Reece James,"DF,MF",Chelsea,25,21.8,4,0,0,26,22,1,126,32,33,,,0
56,Declan Rice,MF,Arsenal,26,34.4,3,0,0,26,11,1,177,33,33,,,0
57,Granit Xhaka,MF,Sunderland,32,32.3,8,0,0,23,40,0,99,29,33,,,0
58,Calvin Bassey,DF,Fulham,25,28.2,5,0,0,28,40,1,14,22,32,,,0
59,Matty Cash,DF,Aston Villa,27,33.5,9,0,0,42,30,4,131,24,32,,,0
60,Jake O'Brien,DF,Everton,24,34.7,6,1,0,23,17,4,49,13,32,,,0
61,Ibrahim Sangaré,MF,Nottingham,27,23.1,5,0,0,42,18,0,8,22,32,,,0
62,Dominik Szoboszlai,"MF,DF",Liverpool,24,35.9,8,1,0,42,30,2,206,29,32,,,0
63,Kyle Walker,"DF,MF",Burnley,35,34.4,9,0,0,32,22,1,37,43,32,,,0
64,Lewis Hall,DF,Newcastle,20,24.2,4,0,0,17,40,0,102,29,31,,,0
65,Quilindschy Hartman,DF,Burnley,23,20.3,1,0,0,13,3,1,74,32,31,,,0
66,Jan Paul van Hecke,DF,Brighton,25,35.7,9,0,0,27,43,4,23,45,31,,,1
67,Ibrahima Konaté,DF,Liverpool,26,34.3,7,0,0,33,41,0,3,28,31,,,0
68,Ian Maatsen,DF,Aston Villa,23,17.8,2,0,0,17,19,1,54,18,31,,,0
69,Antonee Robinson,"DF,MF",Fulham,27,16.6,5,0,0,15,9,2,77,28,31,,,0
70,Santiago Bueno,DF,Wolves,26,28.4,4,0,0,29,11,2,6,27,30,,,0
71,Diogo Dalot,"DF,MF",Manchester Utd,26,29,5,0,0,25,14,4,57,26,30,,,0
72,Nicolás Domínguez,MF,Nottingham,27,13.1,3,0,0,16,11,0,14,6,30,,,0
73,Patrick Dorgu,MF,Manchester Utd,20,16.1,5,0,0,23,47,7,57,16,30,,,0
74,Nicolás González,MF,Manchester City,23,17.4,6,0,0,30,18,0,3,24,30,,,0
75,Amadou Onana,MF,Aston Villa,23,19.5,3,0,0,20,25,0,0,19,30,,,0
76,Cristian Romero,DF,Tottenham,27,20.8,11,2,1,32,16,1,1,31,30,,,0
77,James Tarkowski,DF,Everton,32,37,8,0,0,32,35,2,7,29,30,,,0
78,Manuel Ugarte,MF,Manchester Utd,24,9.9,1,0,0,24,15,0,1,20,30,,,0
79,Kyle Walker-Peters,DF,West Ham,28,15.4,2,0,0,12,25,1,20,9,30,,,0
80,Ryan Sessegnon,"DF,MF",Fulham,25,20.3,0,0,0,33,3,4,55,23,29,,,0
81,Jarrod Bowen,"MF,FW",West Ham,28,37.8,4,0,0,19,49,17,148,27,28,,,0
82,Saša Lukić,MF,Fulham,28,19.3,9,0,0,53,25,2,68,16,28,,,0
83,Bernardo Silva,MF,Manchester City,30,31.9,10,0,0,36,22,5,72,21,28,,,0
84,Brenden Aaronson,"MF,FW",Leeds United,24,27.2,3,0,0,20,51,5,37,17,27,,,0
85,Jhon Arias,"FW,MF",Wolves,27,12.5,1,0,0,26,9,3,30,7,27,,,0
86,Emi Buendía,MF,Aston Villa,28,19.5,6,0,0,41,45,1,10,13,27,,,0
87,Maxime Estève,DF,Burnley,23,32.6,1,0,0,13,12,0,6,37,27,,,2
88,Alexis Mac Allister,MF,Liverpool,26,29.5,7,0,0,35,32,0,20,18,27,,,0
89,Kevin Schade,"MF,FW",Brentford,23,30.5,6,1,0,50,43,10,23,19,27,,,0
90,Joachim Andersen,DF,Fulham,29,31.9,7,1,0,30,13,0,15,34,26,,,0
91,Dan Burn,DF,Newcastle,33,24.4,11,1,1,36,13,3,14,20,26,,,0
92,Kiernan Dewsbury-Hall,MF,Everton,26,29.2,6,0,0,32,48,2,112,14,26,,,0
93,Lucas Digne,DF,Aston Villa,32,20.6,3,0,0,14,12,3,108,13,26,,,0
94,Piero Hincapié,DF,Arsenal,23,19.9,2,0,0,18,14,1,33,26,26,,,1
95,Milos Kerkez,DF,Liverpool,21,25.1,4,0,0,22,30,4,79,15,26,,,0
96,Noah Sadiki,MF,Sunderland,20,32.1,9,0,0,31,40,2,21,33,26,,,0
97,Crysencio Summerville,"MF,FW",West Ham,23,27.4,6,0,0,49,67,6,59,15,26,,,0
98,Lesley Ugochukwu,MF,Burnley,21,26,3,1,1,28,30,1,7,17,26,,,0
99,Florian Wirtz,MF,Liverpool,22,26.4,1,0,0,22,19,2,32,12,26,,,0
100,Yasin Ayari,MF,Brighton,21,21.4,1,0,0,24,28,0,24,26,25,,,0
101,Josh Laurent,"DF,MF",Burnley,30,19.6,7,1,0,31,11,2,14,28,25,,,0
102,Vitaliy Mykolenko,DF,Everton,26,32.9,6,0,0,29,28,0,93,27,25,,,1
103,Rodri,MF,Manchester City,29,16.8,3,0,0,14,31,0,5,12,25,,,0
104,Djed Spence,"DF,MF",Tottenham,24,22.8,4,0,0,28,21,4,49,15,25,,,0
105,Sandro Tonali,MF,Newcastle,25,28.2,4,0,0,24,42,1,95,28,25,,,0
106,Tyler Adams,MF,Bournemouth,26,19.7,8,0,0,36,13,1,3,30,24,,,0
107,Timothy Castagne,"DF,MF",Fulham,29,20.5,4,0,0,18,11,1,48,28,24,,,0
108,Enzo Fernández,MF,Chelsea,24,34.6,10,0,0,36,45,1,89,20,24,,,0
109,Michael Keane,DF,Everton,32,28.8,1,1,0,16,6,0,1,37,24,,,0
110,Sean Longstaff,MF,Leeds United,27,11.2,2,0,0,13,17,1,54,12,24,,,0
111,Konstantinos Mavropanos,DF,West Ham,27,28.2,2,0,0,16,9,2,4,47,24,,,2
112,Jean-Clair Todibo,DF,West Ham,25,20.2,5,1,0,9,3,1,2,16,24,,,0
113,Aaron Wan-Bissaka,"DF,MF",West Ham,27,23.1,4,0,0,23,12,1,43,41,24,,,0
114,Kristoffer Ajer,DF,Brentford,27,20.1,4,0,0,23,5,0,7,15,23,,,0
115,Matheus Cunha,"MF,FW",Manchester Utd,26,27.7,4,0,0,28,54,2,49,21,23,,,0
116,Amad Diallo,MF,Manchester Utd,23,26,2,0,0,24,38,12,46,15,23,,,0
117,Malo Gusto,"DF,MF",Chelsea,22,25.1,5,1,1,20,20,1,58,30,23,,,1
118,Mathias Jensen,MF,Brentford,29,25,3,0,0,20,15,2,124,21,23,,,0
119,Joelinton,MF,Newcastle,28,21.7,10,0,0,46,27,1,11,28,23,,,0
120,Curtis Jones,"MF,DF",Liverpool,24,21.5,2,0,0,17,29,0,16,18,23,,,0
121,Soungoutou Magassa,MF,West Ham,21,10.9,4,0,0,17,17,0,9,17,23,,,0
122,Reinildo Mandava,DF,Sunderland,31,21.8,7,1,0,32,35,1,23,29,23,,,0
123,Murillo,DF,Nottingham,23,23.7,5,0,0,23,7,0,2,29,23,,,2
124,Morgan Rogers,MF,Aston Villa,23,36.4,7,0,0,46,49,3,51,13,23,,,0
125,William Saliba,DF,Arsenal,24,29,2,0,0,22,16,1,9,15,23,,,0
126,Tomáš Souček,MF,West Ham,30,24.4,3,1,0,37,22,5,14,16,23,,,0
127,Jaydee Canvot,DF,Crystal Palace,19,14.8,3,0,0,12,7,0,5,12,22,,,0
128,Trevoh Chalobah,DF,Chelsea,26,30.9,3,1,0,20,18,2,5,37,22,,,0
129,Lewis Dunk,DF,Brighton,33,31.5,10,0,0,14,12,1,5,30,22,,,0
130,Lutsharel Geertruida,"DF,MF",Sunderland,25,18.8,2,0,0,15,7,1,9,20,22,,,0
131,Lucas,"MF,DF",Burnley,24,15.7,1,1,0,15,4,5,56,19,22,,,0
132,Lucas Paquetá,"MF,FW",West Ham,27,16.8,7,1,1,27,30,5,36,7,22,,,0
133,Emile Smith Rowe,MF,Fulham,25,21.4,1,0,0,10,17,3,13,22,22,,,0
134,Pascal Struijk,DF,Leeds United,25,32.6,5,0,0,27,22,5,2,32,22,,,0
135,Emmanuel Agbadou,DF,Wolves,28,12.2,1,1,0,10,5,1,13,14,21,,,0
136,Ola Aina,DF,Nottingham,28,17.6,3,0,0,13,15,0,39,26,21,,,0
137,Rayan Aït-Nouri,DF,Manchester City,24,10.8,2,0,0,17,10,0,22,13,21,,,0
138,Jaidon Anthony,MF,Burnley,25,30.2,4,0,0,27,47,9,80,16,21,,,0
139,Carlos Baleba,MF,Brighton,21,18.4,5,0,0,31,24,0,0,28,21,,,0
140,Idrissa Gueye,MF,Everton,35,23.3,1,1,0,21,31,0,19,29,21,,,0
141,Ladislav Krejčí,"DF,MF",Wolves,26,26.2,5,1,1,33,7,0,17,32,21,,,1
142,Pape Matar Sarr,MF,Tottenham,22,15.5,3,0,0,29,13,3,8,14,21,,,0
143,Cristhian Mosquera,DF,Arsenal,21,11,4,0,0,17,7,1,3,8,21,,,0
144,Jacob Ramsey,MF,Newcastle,24,16.1,5,1,1,16,14,2,8,9,21,,,0
145,Andrey Santos,MF,Chelsea,21,14,4,0,0,13,22,1,2,18,21,,,0
146,Marcus Tavernier,MF,Bournemouth,26,30.3,6,0,0,31,35,4,114,16,21,,,0
147,Igor Thiago,FW,Brentford,24,36.5,7,0,0,74,26,24,19,12,21,,,0
148,Ryan Christie,MF,Bournemouth,30,11,3,1,0,16,22,1,17,11,20,,,0
149,James Hill,DF,Bournemouth,23,23.4,5,0,0,17,13,2,11,37,20,,,2
150,Raúl Jiménez,FW,Fulham,34,24.3,5,0,0,46,34,20,7,7,20,,,0
151,Abdukodir Khusanov,DF,Manchester City,21,15.9,2,0,0,14,6,0,3,29,20,,,0
152,Gabriel Magalhães,DF,Arsenal,27,30.6,4,0,0,21,34,0,6,22,20,,,0
153,Kobbie Mainoo,MF,Manchester Utd,20,18.5,2,0,0,12,22,1,13,19,20,,,0
154,Yéremy Pino,"MF,FW",Crystal Palace,22,23.1,4,0,0,30,24,10,79,8,20,,,0
155,Antoine Semenyo,MF,Bournemouth,25,20,6,0,0,37,14,12,28,6,20,,,0
156,Xavi Simons,"MF,FW",Tottenham,22,19.5,5,1,0,21,44,0,51,15,20,,,0
157,Destiny Udogie,"DF,MF",Tottenham,22,14.9,4,0,0,17,22,3,27,7,20,,,0
158,Micky van de Ven,DF,Tottenham,24,33.8,9,1,0,28,22,2,3,21,20,,,0
159,Leny Yoro,DF,Manchester Utd,19,19.3,1,0,0,17,5,2,3,31,20,,,0
160,Lamare Bogarde,"MF,DF",Aston Villa,21,11.7,5,0,0,17,20,0,2,4,19,,,0
161,Riccardo Calafiori,DF,Arsenal,23,18.9,5,0,0,26,10,4,21,13,19,,,0
162,Josh Cullen,MF,Burnley,29,16.8,2,0,0,16,18,0,12,24,19,,,1
163,El Hadji Malick Diouf,"DF,MF",West Ham,20,30.1,6,0,0,28,25,2,109,32,19,,,0
164,Marc Guéhi,DF,Crystal Palace,25,20,4,0,0,14,18,0,10,24,19,,,0
165,Jorrel Hato,DF,Chelsea,19,12.8,7,0,0,15,2,0,7,17,19,,,0
166,Nikola Milenković,DF,Nottingham,27,37.5,6,0,0,21,20,1,2,29,19,,,1
167,Joe Rodon,DF,Leeds United,27,32.8,3,0,0,17,19,1,6,30,19,,,0
168,Georginio Rutter,"MF,FW",Brighton,23,19.8,2,0,0,30,34,11,20,11,19,,,1
169,Bukayo Saka,"FW,MF",Arsenal,23,24.7,2,0,0,33,54,14,122,16,19,,,0
170,Oliver Scarles,"DF,MF",West Ham,19,7.3,2,0,0,7,7,1,35,13,19,,,0
171,Harry Wilson,MF,Fulham,28,29.7,7,0,0,13,37,13,115,16,19,,,0
172,Omar Alderete,DF,Sunderland,28,31.1,6,0,0,34,10,5,11,36,18,,,0
173,Rodrigo Gomes,"MF,FW",Wolves,22,10.7,0,0,0,6,8,3,24,11,18,,,0
174,Alex Iwobi,MF,Fulham,29,26.9,3,0,0,8,10,1,88,15,18,,,0
175,Jefferson Lerma,"MF,DF",Crystal Palace,30,19.3,7,0,0,25,24,0,12,25,18,,,2
176,Lewis Miley,"MF,DF",Newcastle,19,16.6,0,0,0,5,4,2,42,20,18,,,0
177,Morato,DF,Nottingham,24,14.9,5,0,0,16,7,1,2,11,18,,,0
178,Freddie Potts,MF,West Ham,21,13,1,0,0,15,14,0,34,16,18,,,0
179,Amine Adli,MF,Bournemouth,25,12.2,2,0,0,29,23,5,39,6,17,,,0
180,Daniel Ballard,DF,Sunderland,25,23.9,4,1,0,29,29,3,1,20,17,,,0
181,Lewis Cook,"MF,DF",Bournemouth,28,9.7,1,1,0,8,5,0,44,21,17,,,0
182,Hjalmar Ekdal,DF,Burnley,26,17.1,0,0,0,5,7,2,1,12,17,,,0
183,Pascal Groß,MF,Brighton,34,18.2,2,0,0,17,12,4,119,11,17,,,0
184,Bashir Humphreys,"DF,MF",Burnley,22,17.5,6,0,0,14,10,2,17,11,17,,,0
185,Vitaly Janelt,MF,Brentford,27,16,8,0,0,20,13,0,61,27,17,,,0
186,João Pedro,"FW,MF",Chelsea,23,29.6,5,0,0,38,55,16,18,6,17,,,0
187,Mohammed Kudus,"MF,FW",Tottenham,24,17.1,3,0,0,23,15,10,122,3,17,,,0
188,Harry Maguire,DF,Manchester Utd,32,18.4,3,1,0,16,16,0,4,12,17,,,0
189,John McGinn,MF,Aston Villa,30,23.7,5,0,0,31,48,0,82,12,17,,,0
190,Hannibal Mejbri,MF,Burnley,22,13.7,10,0,0,23,46,3,30,7,17,,,0
191,Joël Veltman,DF,Brighton,33,11.8,5,0,0,10,22,2,18,19,17,,,0
192,Rayan Cherki,MF,Manchester City,21,19.8,1,0,0,18,34,1,80,7,16,,,0
193,Jeremy Doku,"MF,FW",Manchester City,23,19.8,0,0,0,23,61,3,62,12,16,,,0
194,Phil Foden,MF,Manchester City,25,23.2,4,0,0,18,31,3,119,10,16,,,0
195,Morgan Gibbs-White,MF,Nottingham,25,34.4,1,0,0,26,41,5,42,12,16,,,0
196,Will Hughes,MF,Crystal Palace,30,17.5,7,0,0,24,25,0,45,15,16,,,0
197,Igor Jesus,FW,Nottingham,24,25.5,2,0,0,42,40,11,10,2,16,,,0
198,Boubacar Kamara,MF,Aston Villa,25,15.7,5,0,0,16,30,0,2,15,16,,,0
199,Randal Kolo Muani,"FW,MF",Tottenham,26,18.5,3,0,0,41,17,3,18,2,16,,,0
200,Dwight McNeil,MF,Everton,25,13,1,0,0,11,7,2,40,10,16,,,0
201,Richarlison,"FW,MF",Tottenham,28,21.8,5,0,0,23,33,10,18,7,16,,,0
202,Dominic Solanke,FW,Tottenham,27,11.1,1,0,0,12,9,3,2,3,16,,,0
203,Jean-Ricner Bellegarde,"MF,FW",Wolves,27,13.9,5,0,0,20,41,0,25,9,15,,,0
204,Conor Bradley,DF,Liverpool,22,10.3,5,0,0,18,20,1,23,12,15,,,0
205,Bafodé Diakité,DF,Bournemouth,24,14.2,1,0,0,8,4,2,1,10,15,,,0
206,Cody Gakpo,"MF,FW",Liverpool,26,30.4,3,0,0,42,44,30,86,12,15,,,0
207,Jack Grealish,MF,Everton,29,18.1,5,1,1,13,58,0,39,11,15,,,0
208,Noussair Mazraoui,"DF,MF",Manchester Utd,27,10.9,3,0,0,12,14,0,13,11,15,,,0
209,Noah Okafor,"FW,MF",Leeds United,25,17.3,3,0,0,18,14,0,36,12,15,,,0
210,Ao Tanaka,MF,Leeds United,26,14.6,1,0,0,13,10,0,39,21,15,,,0
211,Jackson Tchatchoua,"MF,DF",Wolves,23,20.5,3,0,0,8,9,2,90,14,15,,,0
212,Leandro Trossard,"FW,MF",Arsenal,30,22.2,2,0,0,13,39,5,58,9,15,,,0
213,Virgil van Dijk,DF,Liverpool,34,38,4,0,0,19,18,1,1,26,15,,,0
214,Joe Willock,MF,Newcastle,25,10.9,3,0,0,16,11,2,16,7,15,,,0
215,Lucas Bergvall,MF,Tottenham,19,10.7,2,0,0,24,7,3,19,3,14,,,0
216,Sven Botman,DF,Newcastle,25,20.4,2,0,0,13,19,1,2,25,14,,,1
217,Conor Gallagher,MF,Tottenham,25,13.2,2,0,0,25,23,1,23,18,14,,,0
218,Jordan Henderson,MF,Brentford,35,21.3,6,0,0,13,7,1,48,16,14,,,0
219,Keane Lewis-Potter,"DF,MF",Brentford,24,21.9,1,0,0,15,36,3,69,10,14,,,0
220,Tino Livramento,DF,Newcastle,22,14.8,1,0,0,7,16,2,36,2,14,,,0
221,Dango Ouattara,MF,Brentford,23,25.3,5,0,0,27,39,8,107,24,14,,,0
222,Pablo,"MF,FW",West Ham,21,9.1,0,0,0,23,8,0,5,5,14,,,0
223,Pau Torres,DF,Aston Villa,28,18.6,1,0,0,7,5,0,4,11,14,,,1
224,Ollie Watkins,FW,Aston Villa,29,31.5,4,0,0,35,32,25,7,5,14,,,0
225,Danny Welbeck,FW,Brighton,34,25.1,5,0,0,31,10,5,3,8,14,,,0
226,Jaka Bijol,DF,Leeds United,26,21,4,0,0,19,10,0,1,22,13,,,0
227,David Brooks,MF,Bournemouth,28,13.4,7,0,0,11,13,2,59,4,13,,,0
228,Nathan Collins,DF,Brentford,24,33.1,7,0,0,20,17,2,1,36,13,,,1
229,Kevin Danso,DF,Tottenham,26,16.6,8,0,0,21,13,0,7,25,13,,,0
230,Eberechi Eze,"MF,FW",Arsenal,27,20.1,1,0,0,14,38,1,8,11,13,,,0
231,Alejandro Garnacho,MF,Chelsea,21,14.1,2,0,0,9,23,2,61,4,13,,,0
232,Wilfried Gnonto,FW,Leeds United,21,6,3,0,0,7,11,0,20,3,13,,,0
233,Anthony Gordon,FW,Newcastle,24,19.9,3,1,0,13,40,5,69,3,13,,,0
234,Ilia Gruev,MF,Leeds United,25,14.7,3,0,0,16,9,0,16,14,13,,,0
235,Joško Gvardiol,DF,Manchester City,23,15.2,2,0,0,16,7,0,2,16,13,,,0
236,Ayden Heaven,DF,Manchester Utd,18,10.3,2,0,0,7,9,0,1,1,13,,,1
237,Jack Hinshelwood,MF,Brighton,20,19.3,0,0,0,32,12,2,7,6,13,,,1
238,Matthijs de Ligt,DF,Manchester Utd,25,13,0,0,0,6,5,0,4,11,13,,,0
239,Mateus Mane,MF,Wolves,17,19.9,0,0,0,26,47,2,94,5,13,,,0
240,Mikel Merino,"MF,FW",Arsenal,29,11.5,1,0,0,22,20,3,4,9,13,,,0
241,Mason Mount,MF,Manchester Utd,26,11.3,2,0,0,17,12,0,22,9,13,,,0
242,Marshall Munetsi,"MF,FW",Wolves,29,9.7,2,0,0,19,10,4,14,5,13,,,0
243,Merlin Röhl,MF,Everton,23,7.6,0,0,0,20,7,2,5,4,13,,,0
244,Kieran Trippier,DF,Newcastle,34,17.6,3,0,0,22,19,1,96,7,13,,,0
245,Nick Woltemade,"FW,MF",Newcastle,23,21.1,0,0,0,20,20,8,3,5,13,,,1
246,Lyle Foster,"FW,MF",Burnley,24,15.2,4,0,0,22,13,11,6,4,12,,,0
247,Marc Guéhi,DF,Manchester City,25,15,2,0,0,11,20,0,7,25,12,,,0
248,Joshua King,MF,Fulham,18,14.5,4,0,0,13,30,3,12,3,12,,,0
249,Kaoru Mitoma,"MF,FW",Brighton,28,19.1,5,0,0,31,21,4,46,8,12,,,0
250,Jacob Murphy,"FW,MF",Newcastle,30,18,2,0,0,9,13,5,125,6,12,,,0
251,Cole Palmer,MF,Chelsea,23,21.7,5,0,0,13,37,2,35,13,12,,,0
252,Mohamed Salah,MF,Liverpool,33,23.8,1,0,0,10,16,14,117,3,12,,,0
253,Nicolò Savona,DF,Nottingham,22,11.4,2,0,0,12,5,1,27,5,12,,,0
254,Adam Smith,DF,Bournemouth,34,12,3,0,0,19,11,0,13,10,12,,,0
255,Mathys Tel,"MF,FW",Tottenham,20,15,1,0,0,19,23,3,92,5,12,,,0
256,Ross Barkley,MF,Aston Villa,31,9.5,1,0,0,9,8,0,0,2,11,,,0
257,Yves Bissouma,MF,Tottenham,28,6.7,4,0,0,8,6,0,1,8,11,,,0
258,Olivier Boscagli,DF,Brighton,27,8.9,2,0,0,7,10,0,15,16,11,,,0
259,Justin Devenny,"MF,FW",Crystal Palace,21,8.8,0,0,0,11,10,1,17,1,11,,,0
260,Anthony Elanga,"FW,MF",Newcastle,23,14.7,0,0,0,8,25,2,83,3,11,,,0
261,Wesley Fofana,DF,Chelsea,24,19.1,9,2,2,27,17,1,2,38,11,,,0
262,Toti Gomes,DF,Wolves,26,15.8,2,1,0,11,11,0,11,13,11,,,0
263,Rico Henry,DF,Brentford,28,14.8,2,0,0,15,17,2,26,7,11,,,0
264,Ki-Jana Hoever,"MF,DF",Wolves,23,4.7,0,0,0,3,3,1,22,5,11,,,0
265,Omari Hutchinson,MF,Nottingham,21,18.8,1,0,0,23,24,8,133,11,11,,,0
266,Douglas Luiz,MF,Aston Villa,27,6.7,1,0,0,9,10,0,28,7,11,,,0
267,Lisandro Martínez,DF,Manchester Utd,27,13.7,0,1,0,9,2,0,2,12,11,,,1
268,Bryan Mbeumo,"MF,FW",Manchester Utd,25,29,4,0,0,23,28,7,105,7,11,,,0
269,Dan Ndoye,MF,Nottingham,24,13,1,0,0,16,22,9,41,10,11,,,0
270,Pedro Neto,"MF,FW",Chelsea,25,29.2,4,1,1,17,25,6,184,6,11,,,0
271,Antoine Semenyo,"MF,FW",Manchester City,25,15.5,1,0,0,17,7,7,21,6,11,,,0
272,Harrison Armstrong,MF,Everton,18,5.9,0,0,0,6,15,2,3,4,10,,,0
273,Jorge Cuenca,DF,Fulham,25,10.4,6,0,0,10,1,1,2,15,10,,,0
274,Maxim De Cuyper,"DF,MF",Brighton,24,15.7,2,0,0,18,21,1,77,11,10,,,0
275,Axel Disasi,DF,West Ham,27,13.9,1,0,0,5,4,1,0,12,10,,,1
276,Zian Flemming,FW,Burnley,26,19.7,5,0,0,51,26,3,6,6,10,,,0
277,Kevin,MF,Fulham,22,11.6,1,0,0,14,17,3,43,9,10,,,0
278,Noni Madueke,"FW,MF",Arsenal,23,13.5,0,0,0,15,15,4,80,5,10,,,0
279,Andy Robertson,DF,Liverpool,31,13.1,0,0,0,4,1,5,53,7,10,,,0
280,Ryan Yates,MF,Nottingham,27,6.9,3,0,0,13,13,0,5,9,10,,,0
281,Carlos Alcaraz,MF,Everton,22,7.7,4,0,0,10,12,1,6,2,9,,,0
282,Valentín Castellanos,FW,West Ham,26,15.4,6,0,0,32,16,9,9,6,9,,,0
283,Nathaniel Clyne,"MF,DF",Crystal Palace,34,6.6,1,0,0,4,2,0,15,7,9,,,0
284,Sepp van den Berg,DF,Brentford,23,30.7,2,0,0,15,11,0,0,26,9,,,0
285,Jeremie Frimpong,"DF,MF",Liverpool,24,11.6,1,0,0,8,21,4,51,6,9,,,0
286,Evann Guessand,MF,Aston Villa,24,6.5,0,0,0,11,12,0,10,3,9,,,0
287,Brennan Johnson,"MF,FW",Tottenham,24,6.8,2,0,0,2,4,8,23,2,9,,,0
288,James Milner,MF,Brighton,39,8.7,2,0,0,15,3,1,14,5,9,,,0
289,Ismaila Sarr,MF,Crystal Palace,27,24.2,2,0,0,12,42,14,24,7,9,,,0
290,Fabian Schär,DF,Newcastle,33,12.1,1,0,0,15,7,1,4,16,9,,,0
291,Loum Tchaouna,"MF,FW",Burnley,21,14.1,2,0,0,12,16,1,34,2,9,,,0
292,Ben White,DF,Arsenal,27,7.8,0,0,0,5,6,3,16,9,9,,,0
293,Martin Ødegaard,MF,Arsenal,26,15.2,0,0,0,9,9,2,22,7,9,,,0
294,Joshua Acheampong,DF,Chelsea,19,7.4,1,0,0,2,9,2,1,12,8,,,0
295,Simon Adingra,"MF,FW",Sunderland,23,7.3,2,0,0,18,3,4,27,2,8,,,0
296,Matt Doherty,"DF,MF",Wolves,33,8.7,4,0,0,16,6,0,8,7,8,,,0
297,Archie Gray,"MF,DF",Tottenham,19,16.4,5,0,0,12,2,0,12,17,8,,,0
298,Wilson Isidor,FW,Sunderland,24,12.9,1,0,0,14,7,10,0,2,8,,,0
299,Max Kilman,DF,West Ham,28,17.3,4,0,0,16,2,0,2,6,8,,,0
300,Ezri Konsa,DF,Aston Villa,27,33.7,0,1,0,11,42,0,5,22,8,,,0
301,Omar Marmoush,"FW,MF",Manchester City,26,7.8,3,0,0,10,21,6,12,2,8,,,0
302,Gabriel Martinelli,"FW,MF",Arsenal,24,12,3,0,0,10,14,5,37,1,8,,,0
303,Luca Netz,"DF,MF",Nottingham,22,4,0,0,0,5,2,0,2,1,8,,,0
304,Wilson Odobert,"MF,FW",Tottenham,20,10.9,0,0,0,2,10,2,28,0,8,,,0
305,Chris Rigg,MF,Sunderland,18,8.5,1,0,0,8,8,2,11,4,8,,,0
306,Axel Tuanzebe,DF,Burnley,27,13.3,1,0,0,13,2,1,1,12,8,,,1
307,Nilson Angulo,MF,Sunderland,22,4.5,1,0,0,11,3,1,7,5,7,,,0
308,Oscar Bobb,MF,Fulham,22,6.3,0,0,0,4,8,0,9,6,7,,,0
309,Habib Diarra,MF,Sunderland,21,15.6,6,0,0,19,27,3,32,4,7,,,0
310,Hugo Ekitike,FW,Liverpool,23,20,0,0,0,35,12,10,7,4,7,,,0
311,Joe Gomez,DF,Liverpool,28,6.7,4,0,0,14,0,0,16,8,7,,,0
312,Erling Haaland,FW,Manchester City,25,32.8,2,0,0,24,25,5,3,4,7,,,0
313,Aaron Hickey,"DF,MF",Brentford,23,7.7,1,0,0,7,9,0,4,8,7,,,0
314,Callum Hudson-Odoi,MF,Nottingham,24,20.5,0,0,0,12,12,2,91,8,7,,,0
315,Brennan Johnson,"MF,FW",Crystal Palace,24,12.4,4,0,0,18,11,6,45,2,7,,,0
316,Justin Kluivert,MF,Bournemouth,26,10.6,5,0,0,18,10,1,40,4,7,,,0
317,Roméo Lavia,MF,Chelsea,21,4.2,0,0,0,8,8,0,1,5,7,,,0
318,Lukas Nmecha,FW,Leeds United,26,12,0,0,0,18,18,3,10,3,7,,,0
319,Tosin Adarabioyo,DF,Chelsea,27,8.8,2,0,0,6,0,1,0,9,6,,,0
320,Nathan Aké,DF,Manchester City,30,7.7,1,0,0,3,8,1,4,5,6,,,0
321,Leon Bailey,MF,Aston Villa,27,5.1,1,0,0,6,5,1,19,4,6,,,0
322,Jarrad Branthwaite,DF,Everton,23,7.6,1,0,0,3,1,1,3,11,6,,,0
323,Rúben Dias,DF,Manchester City,28,23.8,3,0,0,15,9,0,9,23,6,,,0
324,Marcus Edwards,"MF,FW",Burnley,26,11.9,0,0,0,7,18,1,19,3,6,,,0
325,Alexander Isak,FW,Liverpool,25,7.8,0,0,0,5,1,0,2,0,6,,,0
326,Eli Junior Kroupi,"MF,FW",Bournemouth,19,18.6,5,0,0,27,12,6,10,9,6,,,0
327,Charalampos Kostoulas,FW,Brighton,18,4.1,2,0,0,7,7,4,6,1,6,,,0
328,Eddie Nketiah,MF,Crystal Palace,26,4.7,2,0,0,7,7,3,0,2,6,,,0
329,Luke O'Nien,DF,Sunderland,30,6.3,1,1,0,7,8,0,7,6,6,,,0
330,Rayan,MF,Bournemouth,18,12.3,1,0,0,9,6,1,24,8,6,,,0
331,Chemsdine Talbi,"MF,FW",Sunderland,20,17.3,0,0,0,5,1,2,50,3,6,,,0
332,Estêvão Willian,MF,Chelsea,18,9.4,4,0,0,12,9,6,16,4,6,,,0
333,Oleksandr Zinchenko,DF,Nottingham,28,3.9,0,0,0,1,2,1,18,2,6,,,0
334,Joshua Zirkzee,"FW,MF",Manchester Utd,24,7,3,0,0,8,6,1,5,1,6,,,0
335,Benoît Badiashile,DF,Chelsea,24,5.2,2,0,0,6,2,0,0,9,5,,,0
336,Harvey Barnes,"FW,MF",Newcastle,27,21.8,1,0,0,17,23,3,74,3,5,,,0
337,Beto,FW,Everton,27,17.4,3,0,0,32,12,9,2,1,5,,,0
338,Oscar Bobb,"MF,FW",Manchester City,22,5.2,1,0,0,5,9,0,5,3,5,,,0
339,Federico Chiesa,MF,Liverpool,27,3.8,3,0,0,11,7,2,17,4,5,,,0
340,Dennis Cirkin,DF,Sunderland,23,3.6,2,0,0,4,2,0,3,5,5,,,0
341,Jair Cunha,DF,Nottingham,20,5.7,0,0,0,0,6,0,2,5,5,,,0
342,Evanilson,FW,Bournemouth,25,30.5,2,0,0,26,37,28,3,6,5,,,0
343,Angel Gomes,"MF,FW",Wolves,24,5.1,1,0,0,7,9,0,12,1,5,,,0
344,Brajan Gruda,MF,Brighton,21,8,2,0,0,11,14,2,14,2,5,,,0
345,Viktor Gyökeres,FW,Arsenal,27,24.7,5,0,0,35,31,4,8,1,5,,,0
346,Kai Havertz,"FW,MF",Arsenal,26,6.5,1,0,0,8,8,3,6,1,5,,,0
347,Daniel James,"FW,MF",Leeds United,27,6.2,0,0,0,1,8,1,50,1,5,,,0
348,Myles Lewis-Skelly,"MF,DF",Arsenal,18,7.9,3,0,0,10,16,1,0,5,5,,,0
349,Pedro Lima,MF,Wolves,19,2.9,0,0,0,6,1,0,10,4,5,,,0
350,David Møller Wolfe,"MF,DF",Wolves,23,11.7,1,0,0,10,4,0,32,7,5,,,0
351,William Osula,FW,Newcastle,21,9.1,0,0,0,24,16,2,3,1,5,,,0
352,Ethan Pinnock,DF,Brentford,32,3.5,1,0,0,0,2,0,0,5,5,,,1
353,Chadi Riad,DF,Crystal Palace,22,6.1,2,0,0,5,3,0,6,4,5,,,0
354,Sávio,MF,Manchester City,21,9.3,2,0,0,9,15,4,40,5,5,,,0
355,Yoane Wissa,FW,Newcastle,28,5.9,3,0,0,6,2,4,1,0,5,,,0
356,Zach Abbott,DF,Nottingham,19,1.8,0,0,0,3,1,0,3,2,4,,,0
357,Adam Armstrong,"FW,MF",Wolves,28,12.7,3,0,0,12,3,5,5,1,4,,,0
358,Tolu Arokodare,FW,Wolves,24,15.8,1,0,0,18,17,6,0,5,4,,,0
359,Thierno Barry,FW,Everton,22,21.3,3,0,0,46,8,13,4,5,4,,,0
360,Sebastiaan Bornauw,DF,Leeds United,26,4.8,1,0,0,7,0,1,1,7,4,,,0
361,Tom Cairney,MF,Fulham,34,8.6,3,0,0,10,11,0,6,4,4,,,0
362,Dominic Calvert-Lewin,FW,Leeds United,28,30.2,3,0,0,45,37,26,9,5,4,,,0
363,Samuel Chukwueze,MF,Fulham,26,12,0,0,0,5,12,3,43,6,4,,,0
364,Ben Davies,DF,Tottenham,32,1.5,1,0,0,2,0,0,3,1,4,,,0
365,Andrés García,DF,Aston Villa,22,1,0,0,0,1,0,0,4,0,4,,,0
366,Jamie Gittens,MF,Chelsea,20,5.5,0,0,0,6,8,2,13,2,4,,,0
367,Hwang Hee-chan,"FW,MF",Wolves,29,16.1,5,0,0,28,18,9,19,12,4,,,0
368,Andy Irving,MF,West Ham,25,1.8,0,0,0,1,0,0,12,1,4,,,0
369,Mohamadou Kanté,MF,West Ham,19,0.8,2,0,0,4,1,0,0,0,4,,,0
370,Rico Lewis,DF,Manchester City,20,4.5,2,0,0,5,9,0,2,7,4,,,0
371,Jean-Philippe Mateta,FW,Crystal Palace,28,24.6,2,0,0,21,19,18,11,6,4,,,0
372,James Mcatee,MF,Nottingham,22,3.3,1,0,0,4,5,2,9,3,4,,,0
373,Veljko Milosavljević,DF,Bournemouth,18,4.1,0,0,0,0,0,0,0,4,4,,,0
374,Romaine Mundle,MF,Sunderland,22,4.6,1,0,0,7,8,0,11,1,4,,,0
375,Nathan Patterson,DF,Everton,23,2.7,0,0,0,2,2,1,6,2,4,,,0
376,Tijjani Reijnders,MF,Manchester City,27,18.1,2,0,0,19,15,4,43,11,4,,,0
377,Bertrand Traoré,"MF,FW",Sunderland,29,7,1,0,0,11,12,1,13,2,4,,,0
378,James Ward-Prowse,MF,Burnley,30,7.6,1,0,0,4,11,0,52,15,4,,,0
379,Max Alleyne,DF,Manchester City,20,1.5,0,0,0,0,0,0,0,3,3,,,0
380,Dilane Bakwa,MF,Nottingham,22,6.1,1,0,0,9,14,0,38,0,3,,,0
381,Armando Broja,FW,Burnley,23,9.6,0,0,0,14,16,6,3,3,3,,,0
382,Jacob Bruun Larsen,"MF,FW",Burnley,26,11.4,0,0,0,1,0,4,42,6,3,,,0
383,Liam Delap,FW,Chelsea,22,12.3,4,0,0,25,19,5,6,1,3,,,0
384,Tyler Dibling,MF,Everton,19,4,2,0,0,11,11,0,7,6,3,,,0
385,Radu Drăgușin,DF,Tottenham,23,5.7,0,0,0,9,1,0,3,16,3,,,0
386,Wataru Endo,DF,Liverpool,32,1.9,1,0,0,2,3,0,3,0,3,,,0
387,Dario Essugo,MF,Chelsea,20,0.3,2,0,0,3,1,0,0,0,3,,,0
388,Tyrique George,MF,Everton,19,2.4,0,0,0,3,1,2,10,2,3,,,0
389,Victor Lindelöf,"DF,MF",Aston Villa,31,10.5,0,0,0,2,0,0,0,8,3,,,0
390,Douglas Luiz,MF,Nottingham,27,3.5,2,0,0,4,5,0,15,7,3,,,0
391,Eliezer Mayenda,"FW,MF",Sunderland,20,8.4,0,0,0,6,11,3,1,1,3,,,0
392,Rodrigo Muniz,FW,Fulham,24,11.1,2,0,0,21,18,5,2,2,3,,,1
393,Reiss Nelson,"FW,MF",Brentford,25,1.4,0,0,0,0,2,0,2,0,3,,,0
394,Benjamin Šeško,FW,Manchester Utd,22,18.3,2,0,0,17,6,7,2,3,3,,,0
395,Brian Brobbey,FW,Sunderland,23,21.4,6,0,0,33,37,8,2,0,2,,,0
396,Fabio Carvalho,MF,Brentford,22,1.1,0,0,0,0,0,0,5,0,2,,,0
397,Levi Colwill,DF,Chelsea,22,2.5,0,0,0,1,2,0,1,5,2,,,0
398,Diego Coppola,DF,Brighton,21,2.2,2,0,0,4,0,0,0,1,2,,,0
399,Issa Diop,DF,Fulham,28,9.1,2,0,0,9,3,0,1,6,2,,,0
400,Max Dowman,MF,Arsenal,15,1.7,0,0,0,2,7,0,6,1,2,,,0
401,Ben Gannon-Doak,MF,Bournemouth,19,1.3,0,0,0,3,1,0,4,1,2,,,0
402,Tyrique George,FW,Chelsea,19,1.6,2,0,0,6,1,2,1,0,2,,,0
403,Evann Guessand,MF,Crystal Palace,24,3.7,0,0,0,4,8,1,1,2,2,,,0
404,Jack Harrison,FW,Leeds United,28,3,0,0,0,1,4,0,17,4,2,,,0
405,Donyell Malen,"FW,MF",Aston Villa,26,7.3,0,0,0,2,6,1,7,0,2,,,0
406,Solly March,MF,Brighton,31,0.5,0,0,0,0,1,0,4,0,2,,,0
407,Arthur Masuaku,DF,Sunderland,31,1.4,1,0,0,3,0,0,8,2,2,,,0
408,Tyrone Mings,DF,Aston Villa,32,14.7,1,0,0,10,8,0,4,11,2,,,0
409,Rio Ngumoha,MF,Liverpool,16,6.2,0,0,0,4,12,0,22,3,2,,,0
410,Christian Nørgaard,MF,Arsenal,31,1.2,0,0,0,3,0,0,1,1,2,,,0
411,Matt O'Riley,MF,Brighton,24,2.3,0,0,0,2,1,1,6,0,2,,,0
412,Jadon Sancho,MF,Aston Villa,25,9.7,0,0,0,3,2,3,23,2,2,,,0
413,Jørgen Strand Larsen,FW,Wolves,25,15.6,2,0,0,30,11,9,3,3,2,,,0
414,James Ward-Prowse,MF,West Ham,30,4.6,0,0,0,4,2,0,22,6,2,,,0
415,Callum Wilson,FW,West Ham,33,13.9,1,0,0,12,14,9,5,3,2,,,0
416,Joe Worrall,DF,Burnley,28,5.6,0,0,0,4,1,0,0,6,2,,,0
417,Tammy Abraham,FW,Aston Villa,27,3.2,0,0,0,2,0,0,1,0,1,,,0
418,Taiwo Awoniyi,FW,Nottingham,27,5.5,2,0,0,10,7,6,1,1,1,,,0
419,Sam Byram,"DF,MF",Leeds United,31,0.1,0,0,0,1,0,1,0,0,1,,,0
420,Rio Cardines,MF,Crystal Palace,19,1,0,0,0,0,1,0,3,0,1,,,0
421,Jesse Derry,MF,Chelsea,18,0.5,0,0,0,0,1,0,2,0,1,,,0
422,Joél Drakes-Thomas,MF,Crystal Palace,16,0.1,0,0,0,1,0,0,0,0,1,,,0
423,Martin Dúbravka,GK,Burnley,36,35,1,0,0,0,8,0,0,0,1,,,0
424,Odsonne Édouard,FW,Crystal Palace,27,0,0,0,0,0,1,0,0,0,1,,,0
425,Romain Esse,MF,Crystal Palace,20,0.5,0,0,0,2,2,0,2,0,1,,,0
426,Eberechi Eze,MF,Crystal Palace,27,0.9,0,0,0,2,1,0,4,0,1,,,0
427,Jack Fletcher,MF,Manchester Utd,18,1.2,0,0,0,2,1,0,0,1,1,,,0
428,Niclas Füllkrug,FW,West Ham,32,4.5,0,0,0,11,1,2,0,2,1,,,0
429,Luis Guilherme,FW,West Ham,19,1.4,0,0,0,0,0,0,0,0,1,,,0
430,Sam Johnstone,GK,Wolves,32,12,0,0,0,0,0,0,0,0,1,,,1
431,Arnaud Kalimuendo,FW,Nottingham,23,1.1,0,0,0,2,0,1,2,0,1,,,0
432,Mateo Kovačić,MF,Manchester City,31,1.4,0,0,0,0,2,0,0,2,1,,,0
433,Jonah Kusi-Asare,FW,Fulham,18,0.6,1,0,0,4,2,0,0,0,1,,,0
434,Senne Lammens,GK,Manchester Utd,23,32,0,0,0,0,4,0,0,0,1,,,0
435,Bernd Leno,GK,Fulham,33,38,3,0,0,0,6,0,0,1,1,,,1
436,Fer López,MF,Wolves,21,2.6,1,0,0,6,4,0,4,0,1,,,0
437,James Maddison,"FW,MF",Tottenham,28,0.4,0,0,0,1,1,0,6,0,1,,,0
438,Tyrell Malacia,DF,Manchester Utd,25,0.2,0,0,0,0,0,0,0,0,1,,,0
439,Giorgi Mamardashvili,GK,Liverpool,24,9.6,0,0,0,1,2,0,0,1,1,,,0
440,Antoni Milambo,MF,Brentford,20,0.5,0,0,0,0,0,0,0,0,1,,,0
441,Jordan Pickford,GK,Everton,31,38,4,0,0,1,6,0,0,0,1,,,0
442,Joël Piroe,FW,Leeds United,25,2.9,0,0,0,4,0,1,4,1,1,,,0
443,Nick Pope,GK,Newcastle,33,26.8,2,0,0,1,2,0,0,0,1,,,0
444,David Raya,GK,Arsenal,29,37,1,0,0,0,14,0,1,1,1,,,0
445,Matz Sels,GK,Nottingham,33,29.6,2,0,0,0,4,0,0,0,1,,,0
446,Jota Silva,FW,Nottingham,25,0.1,0,0,0,0,1,0,1,0,1,,,0
447,Oliver Sonne,DF,Burnley,24,1.9,0,0,0,4,0,0,5,1,1,,,0
448,John Stones,DF,Manchester City,31,4.9,0,0,0,0,0,0,4,3,1,,,0
449,James Trafford,GK,Manchester City,22,4,0,0,0,0,1,0,0,0,1,,,0
450,Adama Traoré,MF,Fulham,29,3,0,0,0,6,8,3,15,0,1,,,0
451,Adama Traoré,"FW,MF",West Ham,29,1.3,1,0,0,1,0,2,12,0,1,,,0
452,Mike Trésor,"FW,MF",Burnley,26,0.5,0,0,0,0,0,0,3,0,1,,,0
453,Stefanos Tzimas,FW,Brighton,19,1.5,0,0,0,4,1,1,1,0,1,,,0
454,Christantus Uche,FW,Crystal Palace,22,1.9,0,0,0,4,7,3,6,0,1,,,0
455,Enes Ünal,FW,Bournemouth,28,2.6,1,0,0,6,10,3,2,0,1,,,0
456,Bart Verbruggen,GK,Brighton,22,38,3,0,0,2,2,0,0,0,1,,,1
457,Guglielmo Vicario,GK,Tottenham,28,31,1,0,0,0,3,0,0,0,1,,,0
458,Tom Watson,MF,Brighton,19,0.7,1,0,0,3,0,0,0,0,1,,,0
459,Chris Wood,FW,Nottingham,33,10,0,0,0,6,6,4,1,1,1,,,0
460,Jerome Abbey,MF,Wolves,15,0.2,0,0,0,0,0,1,0,1,0,,,0
461,Nayef Aguerd,DF,West Ham,29,2,0,0,0,0,1,0,2,1,0,,,0
462,Alisson,GK,Liverpool,32,26,1,0,0,1,7,0,0,0,0,,,0
463,Alysson,MF,Aston Villa,19,0.5,0,0,0,0,1,0,2,1,0,,,0
464,Jaydon Amauri Banel,"FW,MF",Burnley,20,0.1,0,0,0,0,1,0,0,0,0,,,0
465,Zeki Amdouni,"FW,MF",Burnley,24,0.8,0,0,0,1,1,0,0,0,0,,,0
466,Alphonse Areola,GK,West Ham,32,20,0,0,0,1,1,0,0,1,0,,,0
467,Kepa Arrizabalaga,GK,Arsenal,30,1,0,0,0,0,0,0,0,0,0,,,0
468,Ashley Barnes,"FW,MF",Burnley,35,0.5,2,0,0,2,2,2,0,0,0,,,0
469,Altay Bayındır,GK,Manchester Utd,27,6,0,0,0,0,3,0,0,0,0,,,0
470,Walter Benítez,GK,Crystal Palace,32,1,0,0,0,0,0,0,0,0,0,,,0
471,Daniel Bentley,GK,Wolves,32,3,0,0,0,0,2,0,0,0,0,,,0
472,Marco Bizot,GK,Aston Villa,34,6.5,2,0,0,1,1,0,0,0,0,,,0
473,Facundo Buonanotte,MF,Chelsea,20,0.5,0,0,0,0,0,0,0,0,0,,,0
474,Facundo Buonanotte,MF,Leeds United,20,0.4,1,0,0,1,0,0,2,1,0,,,0
475,Bradley Burrowes,MF,Aston Villa,17,0.2,0,0,0,0,1,0,3,0,0,,,0
476,Jun'ai Byfield,DF,Tottenham,16,0,0,0,0,0,0,0,0,0,0,,,0
477,Tawanda Chirewa,MF,Wolves,21,0.3,0,0,0,3,1,0,0,0,0,,,0
478,Séamus Coleman,DF,Everton,36,0.2,0,0,0,0,1,0,3,0,0,,,0
479,Karl Darlow,GK,Leeds United,34,22,1,0,0,0,7,0,0,0,0,,,0
480,Josh Dasilva,MF,Brentford,26,0,0,0,0,0,0,0,0,0,0,,,0
481,Gianluigi Donnarumma,GK,Manchester City,26,34,8,0,0,0,4,0,0,1,0,,,0
482,Romelle Donovan,FW,Brentford,18,0.5,0,0,0,2,3,0,2,0,0,,,0
483,George Earthy,MF,West Ham,20,0.1,0,0,0,0,0,0,0,0,0,,,0
484,Tom Edozie,MF,Wolves,19,0.2,0,0,0,0,0,0,0,0,0,,,0
485,Melker Ellborg,GK,Sunderland,22,3,0,0,0,0,1,0,0,0,0,,,0
486,Harvey Elliott,MF,Aston Villa,22,1.2,0,0,0,0,2,0,3,0,0,,,0
487,Harvey Elliott,"FW,MF",Liverpool,22,0,0,0,0,0,0,0,0,0,0,,,0
488,Tyler Fletcher,MF,Manchester Utd,18,0.2,0,0,0,0,0,0,0,0,0,,,0
489,Tyler Fredricson,DF,Manchester Utd,20,0,0,0,0,0,0,0,0,0,0,,,0
490,Kaye Furo,FW,Brentford,18,0,0,0,0,1,0,0,0,0,0,,,0
491,Marc Guiu,FW,Sunderland,19,0.2,0,0,0,0,0,0,0,0,0,,,0
492,Marc Guiu,FW,Chelsea,19,2.9,1,0,0,9,2,2,0,0,0,,,0
493,Angus Gunn,GK,Nottingham,29,0.5,0,0,0,0,0,0,0,0,0,,,0
494,George Hemmings,MF,Aston Villa,18,0.3,0,0,0,1,0,0,0,0,0,,,0
495,Dean Henderson,GK,Crystal Palace,28,37,5,0,0,2,5,0,0,1,0,,,0
496,Mads Hermansen,GK,West Ham,25,18,0,0,0,0,2,0,0,0,0,,,0
497,Harry Howell,MF,Brighton,17,1,0,0,0,0,0,1,4,0,0,,,0
498,Igor,DF,West Ham,27,1.2,0,0,0,1,0,0,0,1,0,,,0
499,Gabriel Jesus,FW,Arsenal,28,4.8,3,0,0,9,1,7,0,2,0,,,0
500,Freddie Woodman,GK,Liverpool,28,2.4,0,0,0,0,0,0,0,0,0,,,0
501,Ben Winterburn,MF,Bournemouth,20,0.1,0,0,0,0,0,0,0,0,0,,,0
502,Max Weiß,GK,Burnley,21,3,0,0,0,0,0,0,0,0,0,,,0
503,Hákon Valdimarsson,GK,Brentford,23,1,0,0,0,0,0,0,0,0,0,,,0
504,Alex Tóth,MF,Bournemouth,19,1.6,1,0,0,1,2,0,3,3,0,,,0
505,Jocelin Ta Bi,MF,Sunderland,20,0.4,0,0,0,0,1,0,5,0,0,,,0
506,Jørgen Strand Larsen,FW,Crystal Palace,25,10,2,0,0,21,10,1,0,1,0,,,0
507,Souza,MF,Tottenham,19,1.6,1,0,0,3,2,0,3,2,0,,,0
508,Borna Sosa,"DF,MF",Crystal Palace,27,1.1,1,0,0,4,0,0,6,2,0,,,0
509,Julio Soler,DF,Bournemouth,20,0.4,0,0,0,2,2,0,2,0,0,,,0
510,Jenson Seelt,DF,Sunderland,22,1.5,0,0,0,1,1,0,1,0,0,,,0
511,Dane Scarlett,FW,Tottenham,21,0.1,0,0,0,1,0,0,0,0,0,,,0
512,Mamadou Sarr,DF,Chelsea,19,1.1,0,0,0,0,0,0,0,1,0,,,0
513,Robert Sánchez,GK,Chelsea,27,33.8,3,1,0,2,13,0,0,1,0,,,0
514,José Sá,GK,Wolves,32,23,2,0,0,0,6,0,0,0,0,,,0
515,James Rowswell,DF,Tottenham,19,0,0,0,0,0,0,0,0,0,0,,,0
516,Robin Roefs,GK,Sunderland,22,35,4,0,0,0,14,0,0,0,0,,,0
517,Guido Rodríguez,MF,West Ham,31,2,1,0,0,2,4,0,2,2,0,,,0
518,Kaden Rodney,"DF,MF",Crystal Palace,20,0,0,0,0,1,0,0,0,0,0,,,0
519,Patrick Roberts,"FW,MF",Sunderland,28,0.3,0,0,0,0,0,0,0,0,0,,,0
520,Harrison Reed,MF,Fulham,30,1,0,0,0,2,1,0,4,0,0,,,0
521,Aaron Ramsdale,GK,Newcastle,27,11.2,2,0,0,0,1,0,0,0,0,,,0
522,Đorđe Petrović,GK,Bournemouth,25,38,3,0,0,0,2,0,0,0,0,,,1
523,Lucas Perri,GK,Leeds United,27,16,2,0,0,1,3,0,0,0,0,,,0
524,Myles Peart-Harris,MF,Brentford,22,0,0,0,0,1,0,0,0,0,0,,,0
525,Stefan Ortega,GK,Nottingham,32,3,0,0,0,0,0,0,0,0,0,,,0
526,Nehemiah Oriola,MF,Brighton,18,0,0,0,0,0,0,0,0,0,0,,,0
527,Frank Onyeka,MF,Brentford,27,1,0,0,0,3,3,0,0,0,0,,,0
528,Callum Olusesi,MF,Tottenham,18,0.2,0,0,0,0,0,0,0,0,0,,,0
529,Trey Nyoni,MF,Liverpool,18,0.3,0,0,0,1,0,1,0,0,0,,,0
530,Ethan Nwaneri,MF,Arsenal,18,1.9,0,0,0,2,0,0,2,0,0,,,0
531,Dan Neil,MF,Sunderland,23,0.2,0,0,0,0,1,0,0,1,0,,,0
532,Sean Neave,FW,Newcastle,18,0.2,0,0,0,0,0,0,0,0,0,,,0
533,Alex Murphy,DF,Newcastle,21,0.1,0,0,0,0,0,0,0,1,0,,,0
534,Divine Mukasa,MF,Manchester City,17,0.3,0,0,0,1,0,0,0,0,0,,,0
535,Shumaira Mheuka,FW,Chelsea,17,0,0,0,0,0,0,0,0,0,0,,,0
536,Ezra Mayers,DF,West Ham,18,1.3,0,0,0,0,0,0,3,1,0,,,0
537,Emiliano Martínez,GK,Aston Villa,32,31.5,2,0,0,0,17,0,0,0,0,,,0
538,Callum Marshall,FW,West Ham,20,0.7,0,0,0,0,0,1,0,2,0,,,0
539,Bendito Mantato,MF,Manchester Utd,17,0.2,0,0,0,0,0,0,1,0,0,,,0
540,Lorenzo Lucca,FW,Nottingham,24,1.4,0,0,0,1,2,2,0,1,0,,,0
541,Jamaal Lascelles,DF,Newcastle,31,0.2,0,0,0,0,0,0,0,0,0,,,0
542,Shea Lacey,FW,Manchester Utd,18,0.5,0,0,0,2,2,0,0,0,0,,,0
543,Emil Krafth,DF,Newcastle,30,0.5,0,0,0,1,0,0,1,0,0,,,0
544,Joe Knight,MF,Brighton,19,0,0,0,0,0,0,0,0,0,0,,,0
545,Antonín Kinský,GK,Tottenham,22,7,1,0,0,0,1,0,0,0,0,,,0
546,Caoimhín Kelleher,GK,Brentford,26,37,1,0,0,3,6,0,0,1,0,,,0
547,Saša Kalajdžić,"FW,MF",Wolves,28,0.2,0,0,0,0,0,0,0,1,0,,,0
548,Filip Jørgensen,GK,Chelsea,23,4.2,0,0,0,0,0,0,0,1,0,,,0
549,Hamed Junior Traorè,MF,Bournemouth,25,0.2,0,0,0,0,0,0,1,0,0,,,0
550,John,GK,Nottingham,29,4.9,1,0,0,0,0,0,0,0,0,,,0
551,Jamaldeen Jimoh,MF,Aston Villa,18,0.1,0,0,0,0,1,0,0,0,0,,,0
