,,,,,,Stan,Stan,Stan,Stan,Stan,Stan,Stan,Stan,Stan,Stan
Rk,Player,Pos,Squad,Age,90s,Gls▼,Sh,SoT,SoT%,Sh/90,SoT/90,G/Sh,G/SoT,PK,PKatt
1,Erling Haaland,FW,Manchester City,25,32.8,27,126,59,46.8,3.84,1.8,0.21,0.46,3,4
2,Igor Thiago,FW,Brentford,24,36.5,22,84,43,51.2,2.3,1.18,0.26,0.51,8,9
3,Ollie Watkins,FW,Aston Villa,29,31.5,16,83,38,45.8,2.63,1.2,0.19,0.42,0,0
4,Matheus Cunha,"MF,FW",Manchester Utd,26,27.7,10,90,35,38.9,3.25,1.26,0.11,0.29,0,0
5,Benjamin Šeško,FW,Manchester Utd,22,18.3,11,61,34,55.7,3.34,1.86,0.18,0.32,0,0
6,Dominic Calvert-Lewin,FW,Leeds United,28,30.2,14,73,34,46.6,2.41,1.12,0.19,0.41,4,5
7,Jean-Philippe Mateta,FW,Crystal Palace,28,24.6,12,63,32,50.8,2.56,1.3,0.19,0.38,4,4
8,Bryan Mbeumo,"MF,FW",Manchester Utd,25,29,11,73,32,43.8,2.52,1.1,0.15,0.34,0,0
9,Morgan Gibbs-White,MF,Nottingham,25,34.4,15,83,32,38.6,2.41,0.93,0.18,0.47,1,1
10,Morgan Rogers,MF,Aston Villa,23,36.4,10,84,32,38.1,2.3,0.88,0.12,0.31,0,0
11,Enzo Fernández,MF,Chelsea,24,34.6,10,72,31,43.1,2.08,0.9,0.14,0.32,2,2
12,João Pedro,"FW,MF",Chelsea,23,29.6,15,73,28,38.4,2.47,0.95,0.21,0.54,0,0
13,Jarrod Bowen,"MF,FW",West Ham,28,37.8,9,79,28,35.4,2.09,0.74,0.11,0.32,1,1
14,Danny Welbeck,FW,Brighton,34,25.1,13,56,28,50,2.23,1.12,0.23,0.46,1,3
15,Bukayo Saka,"FW,MF",Arsenal,23,24.7,7,71,27,38,2.88,1.09,0.1,0.26,1,1
16,Antoine Semenyo,MF,Bournemouth,25,20,10,49,27,55.1,2.45,1.35,0.2,0.37,1,2
17,Richarlison,"FW,MF",Tottenham,28,21.8,11,61,26,42.6,2.8,1.19,0.18,0.42,0,0
18,Cole Palmer,MF,Chelsea,23,21.7,10,64,25,39.1,2.95,1.15,0.16,0.4,5,6
19,Harry Wilson,MF,Fulham,28,29.7,10,78,25,32.1,2.63,0.84,0.13,0.4,0,0
20,Bruno Fernandes,MF,Manchester Utd,30,34,9,85,24,28.2,2.5,0.71,0.11,0.38,4,6
21,Kevin Schade,"MF,FW",Brentford,23,30.5,8,57,24,42.1,1.87,0.79,0.14,0.33,0,1
22,Marcus Tavernier,MF,Bournemouth,26,30.3,7,70,24,34.3,2.31,0.79,0.1,0.29,2,2
23,Bruno Guimarães,MF,Newcastle,27,27.3,9,42,23,54.8,1.54,0.84,0.21,0.39,2,2
24,Evanilson,FW,Bournemouth,25,30.5,6,72,23,31.9,2.36,0.75,0.08,0.26,0,0
25,Amad Diallo,MF,Manchester Utd,23,26,2,53,23,43.4,2.04,0.88,0.04,0.09,0,0
26,Dominik Szoboszlai,"MF,DF",Liverpool,24,35.9,6,71,23,32.4,1.98,0.64,0.08,0.26,0,1
27,Jaidon Anthony,MF,Burnley,25,30.2,8,55,23,41.8,1.82,0.76,0.15,0.35,0,0
28,Eli Junior Kroupi,"MF,FW",Bournemouth,19,18.6,13,52,22,42.3,2.8,1.18,0.25,0.59,2,2
29,Viktor Gyökeres,FW,Arsenal,27,24.7,14,55,22,40,2.23,0.89,0.25,0.64,3,3
30,Iliman Ndiaye,MF,Everton,25,30.9,6,43,22,51.2,1.39,0.71,0.14,0.27,2,2
31,Valentín Castellanos,FW,West Ham,26,15.4,6,50,22,44,3.25,1.43,0.12,0.27,0,0
32,Igor Jesus,FW,Nottingham,24,25.5,6,70,21,30,2.74,0.82,0.09,0.29,1,1
33,Cody Gakpo,"MF,FW",Liverpool,26,30.4,7,87,21,24.1,2.86,0.69,0.08,0.33,0,0
34,Zian Flemming,FW,Burnley,26,19.7,11,52,21,40.4,2.65,1.07,0.21,0.52,2,2
35,Ismaila Sarr,MF,Crystal Palace,27,24.2,9,48,21,43.8,1.99,0.87,0.19,0.43,3,3
36,Harvey Barnes,"FW,MF",Newcastle,27,21.8,7,58,21,36.2,2.66,0.96,0.12,0.33,0,0
37,Anthony Gordon,FW,Newcastle,24,19.9,6,48,20,41.7,2.41,1,0.13,0.3,3,3
38,Dango Ouattara,MF,Brentford,23,25.3,7,56,20,35.7,2.21,0.79,0.13,0.35,0,0
39,Phil Foden,MF,Manchester City,25,23.2,7,55,19,34.5,2.37,0.82,0.13,0.37,0,0
40,Hugo Ekitike,FW,Liverpool,23,20,11,65,19,29.2,3.24,0.95,0.17,0.58,0,0
41,Mohamed Salah,MF,Liverpool,33,23.8,7,68,19,27.9,2.85,0.8,0.1,0.37,1,1
42,Neco Williams,DF,Nottingham,24,35.6,2,46,19,41.3,1.29,0.53,0.04,0.11,0,0
43,Raúl Jiménez,FW,Fulham,34,24.3,9,73,18,24.7,3,0.74,0.12,0.5,4,4
44,Eberechi Eze,"MF,FW",Arsenal,27,20.1,7,57,18,31.6,2.83,0.89,0.12,0.39,0,0
45,Casemiro,MF,Manchester Utd,33,28.6,9,52,18,34.6,1.82,0.63,0.17,0.5,0,0
46,Brian Brobbey,FW,Sunderland,23,21.4,7,36,18,50,1.68,0.84,0.19,0.39,0,0
47,Florian Wirtz,MF,Liverpool,22,26.4,5,51,18,35.3,1.93,0.68,0.1,0.28,0,0
48,Wilson Isidor,FW,Sunderland,24,12.9,6,43,17,39.5,3.32,1.31,0.14,0.35,0,0
49,Mateus Mane,MF,Wolves,17,19.9,3,41,17,41.5,2.06,0.85,0.07,0.18,0,0
50,Beto,FW,Everton,27,17.4,9,43,17,39.5,2.47,0.98,0.21,0.53,0,0
51,Brenden Aaronson,"MF,FW",Leeds United,24,27.2,4,47,17,36.2,1.73,0.62,0.09,0.24,0,0
52,Lukas Nmecha,FW,Leeds United,26,12,6,30,16,53.3,2.49,1.33,0.2,0.38,2,3
53,Tijjani Reijnders,MF,Manchester City,27,18.1,5,49,16,32.7,2.7,0.88,0.1,0.31,0,0
54,Tolu Arokodare,FW,Wolves,24,15.8,3,46,16,34.8,2.92,1.01,0.07,0.19,0,1
55,Callum Wilson,FW,West Ham,33,13.9,7,38,16,42.1,2.73,1.15,0.18,0.44,0,0
56,Alex Iwobi,MF,Fulham,29,26.9,4,39,15,38.5,1.45,0.56,0.1,0.27,0,0
57,Jack Hinshelwood,MF,Brighton,20,19.3,4,37,15,40.5,1.91,0.78,0.11,0.27,0,0
58,Nico O'Reilly,"DF,MF",Manchester City,20,29.4,5,41,15,36.6,1.39,0.51,0.12,0.33,0,0
59,Noah Okafor,"FW,MF",Leeds United,25,17.3,8,35,15,42.9,2.02,0.86,0.23,0.53,0,0
60,Jeremy Doku,"MF,FW",Manchester City,23,19.8,5,39,15,38.5,1.97,0.76,0.13,0.33,0,0
61,Kiernan Dewsbury-Hall,MF,Everton,26,29.2,8,39,15,38.5,1.34,0.51,0.21,0.53,0,0
62,Crysencio Summerville,"MF,FW",West Ham,23,27.4,5,54,15,27.8,1.97,0.55,0.09,0.33,0,0
63,Leandro Trossard,"FW,MF",Arsenal,30,22.2,6,53,15,28.3,2.39,0.68,0.11,0.4,0,0
64,Diego Gómez,"MF,FW",Brighton,22,23.6,5,42,14,33.3,1.78,0.59,0.12,0.36,0,0
65,James Garner,"MF,DF",Everton,24,37.9,2,45,14,31.1,1.19,0.37,0.04,0.14,0,0
66,Georginio Rutter,"MF,FW",Brighton,23,19.8,3,42,14,33.3,2.12,0.71,0.07,0.21,0,0
67,Antoine Semenyo,"MF,FW",Manchester City,25,15.5,7,34,14,41.2,2.19,0.9,0.21,0.5,0,0
68,Tomáš Souček,MF,West Ham,30,24.4,5,26,14,53.8,1.06,0.57,0.19,0.36,0,0
69,Anton Stach,MF,Leeds United,26,26.3,5,55,14,25.5,2.09,0.53,0.09,0.36,0,0
70,Malick Thiaw,DF,Newcastle,23,32.9,4,28,14,50,0.85,0.42,0.14,0.29,0,0
71,Thierno Barry,FW,Everton,22,21.3,8,38,14,36.8,1.79,0.66,0.21,0.57,0,0
72,Virgil van Dijk,DF,Liverpool,34,38,6,30,14,46.7,0.79,0.37,0.2,0.43,0,0
73,Ferdi Kadioglu,"DF,MF",Brighton,25,34.8,1,28,13,46.4,0.8,0.37,0.04,0.08,0,0
74,Gabriel Martinelli,"FW,MF",Arsenal,24,12,1,29,13,44.8,2.41,1.08,0.03,0.08,0,0
75,Ryan Gravenberch,MF,Liverpool,23,33.2,5,38,13,34.2,1.14,0.39,0.13,0.38,0,0
76,Kaoru Mitoma,"MF,FW",Brighton,28,19.1,3,32,13,40.6,1.67,0.68,0.09,0.23,0,0
77,Jacob Murphy,"FW,MF",Newcastle,30,18,3,42,13,31,2.34,0.72,0.07,0.23,0,0
78,Pedro Neto,"MF,FW",Chelsea,25,29.2,5,46,13,28.3,1.57,0.44,0.11,0.38,0,0
79,Declan Rice,MF,Arsenal,26,34.4,4,40,13,32.5,1.16,0.38,0.1,0.31,0,0
80,Alex Scott,MF,Bournemouth,21,31.7,3,44,13,29.5,1.39,0.41,0.07,0.23,0,0
81,Rayan Cherki,MF,Manchester City,21,19.8,4,55,13,23.6,2.77,0.66,0.07,0.31,0,0
82,Emi Buendía,MF,Aston Villa,28,19.5,6,49,13,26.5,2.51,0.67,0.12,0.46,0,0
83,David Brooks,MF,Bournemouth,28,13.4,1,48,13,27.1,3.59,0.97,0.02,0.08,0,0
84,Nick Woltemade,"FW,MF",Newcastle,23,21.1,8,32,13,40.6,1.51,0.62,0.25,0.62,1,1
85,Enzo Le Fée,"MF,FW",Sunderland,25,32.6,5,36,12,33.3,1.11,0.37,0.14,0.42,3,4
86,Gabriel Jesus,FW,Arsenal,28,4.8,3,19,12,63.2,3.99,2.52,0.16,0.25,0,0
87,Alexis Mac Allister,MF,Liverpool,26,29.5,2,52,12,23.1,1.76,0.41,0.04,0.17,0,0
88,John McGinn,MF,Aston Villa,30,23.7,5,28,12,42.9,1.18,0.51,0.18,0.42,0,0
89,Daniel Muñoz,MF,Crystal Palace,29,26.7,4,26,12,46.2,0.98,0.45,0.15,0.33,0,0
90,William Osula,FW,Newcastle,21,9.1,7,23,12,52.2,2.53,1.32,0.3,0.58,0,0
91,Joshua King,MF,Fulham,18,14.5,1,26,11,42.3,1.79,0.76,0.04,0.09,0,0
92,Joelinton,MF,Newcastle,28,21.7,2,32,11,34.4,1.48,0.51,0.06,0.18,0,0
93,Omari Hutchinson,MF,Nottingham,21,18.8,1,25,11,44,1.33,0.59,0.04,0.09,0,0
94,Yankuba Minteh,MF,Brighton,21,26.6,3,41,11,26.8,1.54,0.41,0.07,0.27,0,0
95,Lucas Paquetá,"MF,FW",West Ham,27,16.8,4,23,11,47.8,1.37,0.66,0.17,0.36,2,2
96,Yéremy Pino,"MF,FW",Crystal Palace,22,23.1,2,45,11,24.4,1.95,0.48,0.04,0.18,0,0
97,Patrick Dorgu,MF,Manchester Utd,20,16.1,4,25,11,44,1.55,0.68,0.16,0.36,0,0
98,Liam Delap,FW,Chelsea,22,12.3,1,36,11,30.6,2.93,0.89,0.03,0.09,0,0
99,Mikkel Damsgaard,MF,Brentford,25,22.8,4,29,11,37.9,1.27,0.48,0.14,0.36,0,0
100,Sávio,MF,Manchester City,21,9.3,1,20,11,55,2.16,1.19,0.05,0.09,0,0
101,Emile Smith Rowe,MF,Fulham,25,21.4,3,36,11,30.6,1.68,0.51,0.08,0.27,0,0
102,Dominic Solanke,FW,Tottenham,27,11.1,3,20,11,55,1.8,0.99,0.15,0.27,0,0
103,Kevin,MF,Fulham,22,11.6,1,25,10,40,2.16,0.86,0.04,0.1,0,0
104,Ladislav Krejčí,"DF,MF",Wolves,26,26.2,2,21,10,47.6,0.8,0.38,0.1,0.2,0,0
105,Callum Hudson-Odoi,MF,Nottingham,24,20.5,3,30,10,33.3,1.47,0.49,0.1,0.3,0,0
106,Jan Paul van Hecke,DF,Brighton,25,35.7,3,23,10,43.5,0.64,0.28,0.13,0.3,0,0
107,Matty Cash,DF,Aston Villa,27,33.5,3,30,10,33.3,0.9,0.3,0.1,0.3,0,0
108,Xavi Simons,"MF,FW",Tottenham,22,19.5,2,42,10,23.8,2.15,0.51,0.05,0.2,0,0
109,Chemsdine Talbi,"MF,FW",Sunderland,20,17.3,4,25,10,40,1.44,0.58,0.16,0.4,0,0
110,James Tarkowski,DF,Everton,32,37,2,20,10,50,0.54,0.27,0.1,0.2,0,0
111,Yasin Ayari,MF,Brighton,21,21.4,3,41,10,24.4,1.91,0.47,0.07,0.3,0,0
112,Elliot Anderson,MF,Nottingham,22,37,4,44,10,22.7,1.19,0.27,0.09,0.4,1,1
113,Mohammed Kudus,"MF,FW",Tottenham,24,17.1,2,26,9,34.6,1.52,0.53,0.08,0.22,0,0
114,Keane Lewis-Potter,"DF,MF",Brentford,24,21.9,3,31,9,29,1.41,0.41,0.1,0.33,0,0
115,Noni Madueke,"FW,MF",Arsenal,23,13.5,3,25,9,36,1.86,0.67,0.12,0.33,0,0
116,Donyell Malen,"FW,MF",Aston Villa,26,7.3,4,27,9,33.3,3.7,1.23,0.15,0.44,0,0
117,Omar Marmoush,"FW,MF",Manchester City,26,7.8,3,30,9,30,3.86,1.16,0.1,0.33,0,0
118,Pascal Groß,MF,Brighton,34,18.2,1,18,9,50,0.99,0.5,0.06,0.11,0,0
119,João Palhinha,MF,Tottenham,30,24.4,5,33,9,27.3,1.35,0.37,0.15,0.56,0,0
120,Loum Tchaouna,"MF,FW",Burnley,21,14.1,2,23,9,39.1,1.63,0.64,0.09,0.22,0,0
121,Daniel Ballard,DF,Sunderland,25,23.9,2,26,9,34.6,1.09,0.38,0.08,0.22,0,0
122,Omar Alderete,DF,Sunderland,28,31.1,1,24,9,37.5,0.77,0.29,0.04,0.11,0,0
123,Chris Wood,FW,Nottingham,33,10,3,23,9,39.1,2.3,0.9,0.13,0.33,0,0
124,Amine Adli,MF,Bournemouth,25,12.2,3,20,9,45,1.65,0.74,0.15,0.33,0,0
125,Joshua Zirkzee,"FW,MF",Manchester Utd,24,7,2,25,9,36,3.59,1.29,0.08,0.22,0,0
126,Martín Zubimendi,MF,Arsenal,26,33.2,5,27,9,33.3,0.81,0.27,0.19,0.56,0,0
127,Charalampos Kostoulas,FW,Brighton,18,4.1,2,21,8,38.1,5.12,1.95,0.1,0.25,0,0
128,Mathias Jensen,MF,Brentford,29,25,3,29,8,27.6,1.16,0.32,0.1,0.38,0,0
129,Konstantinos Mavropanos,DF,West Ham,27,28.2,3,23,8,34.8,0.82,0.28,0.13,0.38,0,0
130,Mikel Merino,"MF,FW",Arsenal,29,11.5,4,22,8,36.4,1.91,0.69,0.18,0.5,0,0
131,Jack Grealish,MF,Everton,29,18.1,2,26,8,30.8,1.44,0.44,0.08,0.25,0,0
132,Mateus Fernandes,MF,West Ham,21,33.5,3,28,8,28.6,0.84,0.24,0.11,0.38,0,0
133,Wilson Odobert,"MF,FW",Tottenham,20,10.9,0,21,8,38.1,1.92,0.73,0,0,0,0
134,Pedro Porro,DF,Tottenham,25,31.1,1,32,8,25,1.03,0.26,0.03,0.13,0,0
135,Rayan,MF,Bournemouth,18,12.3,5,28,8,28.6,2.27,0.65,0.18,0.63,0,0
136,Habib Diarra,MF,Sunderland,21,15.6,2,26,8,30.8,1.67,0.51,0.08,0.25,1,1
137,Ryan Christie,MF,Bournemouth,30,11,2,25,8,32,2.26,0.72,0.08,0.25,0,0
138,Riccardo Calafiori,DF,Arsenal,23,18.9,1,32,8,25,1.7,0.42,0.03,0.13,0,0
139,Djed Spence,"DF,MF",Tottenham,24,22.8,0,13,8,61.5,0.57,0.35,0,0,0,0
140,Mathys Tel,"MF,FW",Tottenham,20,15,4,35,8,22.9,2.34,0.53,0.11,0.5,0,0
141,Sandro Tonali,MF,Newcastle,25,28.2,0,37,8,21.6,1.31,0.28,0,0,0,0
142,Ross Barkley,MF,Aston Villa,31,9.5,3,18,8,44.4,1.89,0.84,0.17,0.38,0,0
143,Lesley Ugochukwu,MF,Burnley,21,26,3,23,8,34.8,0.89,0.31,0.13,0.38,0,0
144,Taiwo Awoniyi,FW,Nottingham,27,5.5,4,15,8,53.3,2.73,1.46,0.27,0.5,0,0
145,Estêvão Willian,MF,Chelsea,18,9.4,2,28,8,28.6,2.97,0.85,0.07,0.25,0,0
146,Martin Ødegaard,MF,Arsenal,26,15.2,1,22,8,36.4,1.45,0.53,0.05,0.13,0,0
147,Michael Keane,DF,Everton,32,28.8,3,27,7,25.9,0.94,0.24,0.11,0.43,0,0
148,Curtis Jones,"MF,DF",Liverpool,24,21.5,1,22,7,31.8,1.02,0.33,0.05,0.14,0,0
149,Maxence Lacroix,DF,Crystal Palace,25,34.3,1,25,7,28,0.73,0.2,0.04,0.14,0,0
150,Jefferson Lerma,"MF,DF",Crystal Palace,30,19.3,0,19,7,36.8,0.99,0.36,0,0,0,0
151,Reece James,"DF,MF",Chelsea,25,21.8,2,22,7,31.8,1.01,0.32,0.09,0.29,0,0
152,Trai Hume,"DF,MF",Sunderland,23,33.7,2,34,7,20.6,1.01,0.21,0.06,0.29,0,0
153,Gabriel Magalhães,DF,Arsenal,27,30.6,3,27,7,25.9,0.88,0.23,0.11,0.43,0,0
154,Idrissa Gueye,MF,Everton,35,23.3,2,29,7,24.1,1.25,0.3,0.07,0.29,0,0
155,Tyrick Mitchell,MF,Crystal Palace,25,36.1,1,19,7,36.8,0.53,0.19,0.05,0.14,0,0
156,João Gomes,MF,Wolves,24,31.4,1,19,7,36.8,0.6,0.22,0.05,0.14,0,0
157,Alejandro Garnacho,MF,Chelsea,21,14.1,1,33,7,21.2,2.34,0.5,0.03,0.14,0,0
158,Amadou Onana,MF,Aston Villa,23,19.5,2,19,7,36.8,0.97,0.36,0.11,0.29,0,0
159,Joe Rodon,DF,Leeds United,27,32.8,2,18,7,38.9,0.55,0.21,0.11,0.29,0,0
160,Sepp van den Berg,DF,Brentford,23,30.7,0,23,7,30.4,0.75,0.23,0,0,0,0
161,Samuel Chukwueze,MF,Fulham,26,12,3,25,7,28,2.09,0.58,0.12,0.43,0,0
162,Bernardo Silva,MF,Manchester City,30,31.9,2,30,7,23.3,0.94,0.22,0.07,0.29,0,0
163,Moisés Caicedo,MF,Chelsea,23,31.1,3,27,7,25.9,0.87,0.23,0.11,0.43,0,0
164,Santiago Bueno,DF,Wolves,26,28.4,3,10,7,70,0.35,0.25,0.3,0.43,0,0
165,Jørgen Strand Larsen,FW,Wolves,25,15.6,1,21,7,33.3,1.35,0.45,0.05,0.14,1,2
166,Jørgen Strand Larsen,FW,Crystal Palace,25,10,3,23,7,30.4,2.29,0.7,0.13,0.43,0,0
167,Youri Tielemans,MF,Aston Villa,28,20.7,0,24,7,29.2,1.16,0.34,0,0,0,0
168,Jurriën Timber,DF,Arsenal,24,27.3,3,25,7,28,0.92,0.26,0.12,0.43,0,0
169,Jean-Ricner Bellegarde,"MF,FW",Wolves,27,13.9,1,21,7,33.3,1.51,0.5,0.05,0.14,0,0
170,James Justin,"DF,MF",Leeds United,27,21.1,2,24,6,25,1.14,0.28,0.08,0.33,0,0
171,Alexander Isak,FW,Liverpool,25,7.8,3,17,6,35.3,2.19,0.77,0.18,0.5,0,0
172,Saša Lukić,MF,Fulham,28,19.3,1,18,6,33.3,0.93,0.31,0.06,0.17,0,0
173,Hwang Hee-chan,"FW,MF",Wolves,29,16.1,2,19,6,31.6,1.18,0.37,0.11,0.33,1,1
174,Lewis Hall,DF,Newcastle,20,24.2,1,25,6,24,1.03,0.25,0.04,0.17,0,0
175,Pape Matar Sarr,MF,Tottenham,22,15.5,2,17,6,35.3,1.09,0.39,0.12,0.33,0,0
176,Eliezer Mayenda,"FW,MF",Sunderland,20,8.4,2,13,6,46.2,1.54,0.71,0.15,0.33,0,0
177,Joško Gvardiol,DF,Manchester City,23,15.2,2,17,6,35.3,1.12,0.39,0.12,0.33,0,0
178,Malo Gusto,"DF,MF",Chelsea,22,25.1,2,12,6,50,0.48,0.24,0.17,0.33,0,0
179,Brajan Gruda,MF,Brighton,21,8,1,16,6,37.5,2,0.75,0.06,0.17,0,0
180,Yerson Mosquera,DF,Wolves,24,23.7,0,30,6,20,1.26,0.25,0,0,0,0
181,Rodrigo Gomes,"MF,FW",Wolves,22,10.7,3,20,6,30,1.87,0.56,0.15,0.5,0,0
182,Marshall Munetsi,"MF,FW",Wolves,29,9.7,1,14,6,42.9,1.44,0.62,0.07,0.17,0,0
183,Rio Ngumoha,MF,Liverpool,16,6.2,2,16,6,37.5,2.57,0.96,0.13,0.33,0,0
184,Eddie Nketiah,MF,Crystal Palace,26,4.7,2,15,6,40,3.18,1.27,0.13,0.33,0,0
185,Lyle Foster,"FW,MF",Burnley,24,15.2,3,20,6,30,1.31,0.39,0.15,0.5,0,0
186,Jake O'Brien,DF,Everton,24,34.7,1,13,6,46.2,0.37,0.17,0.08,0.17,0,0
187,Marcus Edwards,"MF,FW",Burnley,26,11.9,1,23,6,26.1,1.94,0.51,0.04,0.17,0,0
188,Maxim De Cuyper,"DF,MF",Brighton,24,15.7,2,13,6,46.2,0.83,0.38,0.15,0.33,0,0
189,Cristian Romero,DF,Tottenham,27,20.8,4,17,6,35.3,0.82,0.29,0.24,0.67,0,0
190,Diogo Dalot,"DF,MF",Manchester Utd,26,29,1,24,6,25,0.83,0.21,0.04,0.17,0,0
191,Josh Cullen,MF,Burnley,29,16.8,2,11,6,54.5,0.65,0.36,0.18,0.33,0,0
192,Marc Cucurella,DF,Chelsea,27,30.1,1,20,6,30,0.66,0.2,0.05,0.17,0,0
193,Nathan Collins,DF,Brentford,24,33.1,1,20,6,30,0.61,0.18,0.05,0.17,0,0
194,Timothy Castagne,"DF,MF",Fulham,29,20.5,0,14,6,42.9,0.68,0.29,0,0,0,0
195,Hugo Bueno,"MF,DF",Wolves,22,26.3,1,16,6,37.5,0.61,0.23,0.06,0.17,0,0
196,Armando Broja,FW,Burnley,23,9.6,1,16,6,37.5,1.67,0.63,0.06,0.17,0,0
197,Jaka Bijol,DF,Leeds United,26,21,1,15,6,40,0.71,0.29,0.07,0.17,0,0
198,Bertrand Traoré,"MF,FW",Sunderland,29,7,1,12,6,50,1.71,0.85,0.08,0.17,0,0
199,Adrien Truffert,DF,Bournemouth,23,37.5,1,16,6,37.5,0.43,0.16,0.06,0.17,0,0
200,Micky van de Ven,DF,Tottenham,24,33.8,4,16,6,37.5,0.47,0.18,0.25,0.67,0,0
201,Adam Armstrong,"FW,MF",Wolves,28,12.7,2,18,6,33.3,1.42,0.47,0.11,0.33,1,1
202,Ethan Ampadu,MF,Leeds United,24,34.7,1,26,6,23.1,0.75,0.17,0.04,0.17,0,0
203,Adam Wharton,MF,Crystal Palace,21,28.4,1,32,6,18.8,1.13,0.21,0.03,0.17,0,0
204,Mats Wieffer,DF,Brighton,25,21.1,2,18,6,33.3,0.85,0.28,0.11,0.33,0,0
205,Joe Willock,MF,Newcastle,25,10.9,0,17,6,35.3,1.56,0.55,0,0,0,0
206,Tyler Adams,MF,Bournemouth,26,19.7,2,10,6,60,0.51,0.3,0.2,0.33,0,0
207,Ian Maatsen,DF,Aston Villa,23,17.8,0,20,5,25,1.12,0.28,0,0,0,0
208,Dwight McNeil,MF,Everton,25,13,0,24,5,20.8,1.85,0.39,0,0,0,0
209,Hannibal Mejbri,MF,Burnley,22,13.7,1,19,5,26.3,1.39,0.37,0.05,0.2,0,0
210,Evann Guessand,MF,Aston Villa,24,6.5,0,8,5,62.5,1.22,0.77,0,0,0,0
211,Marc Guéhi,DF,Manchester City,25,15,1,17,5,29.4,1.13,0.33,0.06,0.2,0,0
212,Archie Gray,"MF,DF",Tottenham,19,16.4,2,11,5,45.5,0.67,0.3,0.18,0.4,0,0
213,Mason Mount,MF,Manchester Utd,26,11.3,3,19,5,26.3,1.68,0.44,0.16,0.6,0,0
214,Rodrigo Muniz,FW,Fulham,24,11.1,1,32,5,15.6,2.88,0.45,0.03,0.2,0,0
215,Nicolás Domínguez,MF,Nottingham,27,13.1,1,18,5,27.8,1.38,0.38,0.06,0.2,0,0
216,Lucas Digne,DF,Aston Villa,32,20.6,0,14,5,35.7,0.68,0.24,0,0,0,0
217,Noah Sadiki,MF,Sunderland,20,32.1,0,19,5,26.3,0.59,0.16,0,0,0,0
218,Ibrahim Sangaré,MF,Nottingham,27,23.1,2,16,5,31.3,0.69,0.22,0.13,0.4,0,0
219,Federico Chiesa,MF,Liverpool,27,3.8,2,17,5,29.4,4.51,1.33,0.12,0.4,0,0
220,Trevoh Chalobah,DF,Chelsea,26,30.9,3,16,5,31.3,0.52,0.16,0.19,0.6,0,0
221,Marcos Senesi,DF,Bournemouth,28,36.5,0,17,5,29.4,0.47,0.14,0,0,0,0
222,Pascal Struijk,DF,Leeds United,25,32.6,0,31,5,16.1,0.95,0.15,0,0,0,0
223,Ao Tanaka,MF,Leeds United,26,14.6,2,17,5,29.4,1.16,0.34,0.12,0.4,0,0
224,Lucas Bergvall,MF,Tottenham,19,10.7,1,12,5,41.7,1.12,0.47,0.08,0.2,0,0
225,Carlos Alcaraz,MF,Everton,22,7.7,0,20,5,25,2.61,0.65,0,0,0,0
226,Yoane Wissa,FW,Newcastle,28,5.9,1,13,5,38.5,2.2,0.85,0.08,0.2,0,0
227,Granit Xhaka,MF,Sunderland,32,32.3,1,21,5,23.8,0.65,0.15,0.05,0.2,0,0
228,Justin Kluivert,MF,Bournemouth,26,10.6,2,17,4,23.5,1.61,0.38,0.12,0.5,0,0
229,Randal Kolo Muani,"FW,MF",Tottenham,26,18.5,1,20,4,20,1.08,0.22,0.05,0.25,0,0
230,Boubacar Kamara,MF,Aston Villa,25,15.7,1,7,4,57.1,0.45,0.26,0.14,0.25,0,0
231,Daichi Kamada,MF,Crystal Palace,28,21.1,0,19,4,21.1,0.9,0.19,0,0,0,0
232,Ibrahima Konaté,DF,Liverpool,26,34.3,1,12,4,33.3,0.35,0.12,0.08,0.25,0,0
233,Josh Laurent,"DF,MF",Burnley,30,19.6,1,15,4,26.7,0.77,0.2,0.07,0.25,0,0
234,Álex Jiménez,"DF,MF",Bournemouth,20,25.7,1,21,4,19,0.82,0.16,0.05,0.25,0,0
235,Sean Longstaff,MF,Leeds United,27,11.2,2,16,4,25,1.42,0.36,0.13,0.5,0,0
236,Lucas,"MF,DF",Burnley,24,15.7,0,16,4,25,1.02,0.26,0,0,0,0
237,Douglas Luiz,MF,Aston Villa,27,6.7,1,6,4,66.7,0.89,0.6,0.17,0.25,0,0
238,Harry Maguire,DF,Manchester Utd,32,18.4,1,14,4,28.6,0.76,0.22,0.07,0.25,0,0
239,Kai Havertz,"FW,MF",Arsenal,26,6.5,2,18,4,22.2,2.79,0.62,0.11,0.5,0,0
240,Marc Guéhi,DF,Crystal Palace,25,20,2,15,4,26.7,0.75,0.2,0.13,0.5,0,0
241,Lewis Miley,"MF,DF",Newcastle,19,16.6,1,12,4,33.3,0.72,0.24,0.08,0.25,0,0
242,Nordi Mukiele,DF,Sunderland,27,30.9,3,26,4,15.4,0.84,0.13,0.12,0.75,0,0
243,Murillo,DF,Nottingham,23,23.7,1,11,4,36.4,0.46,0.17,0.09,0.25,0,0
244,Dan Ndoye,MF,Nottingham,24,13,1,15,4,26.7,1.15,0.31,0.07,0.25,0,0
245,Conor Gallagher,MF,Tottenham,25,13.2,1,11,4,36.4,0.84,0.3,0.09,0.25,0,0
246,Anthony Elanga,"FW,MF",Newcastle,23,14.7,0,17,4,23.5,1.16,0.27,0,0,0,0
247,Jacob Ramsey,MF,Newcastle,24,16.1,2,16,4,25,0.99,0.25,0.13,0.5,0,0
248,El Hadji Malick Diouf,"DF,MF",West Ham,20,30.1,0,18,4,22.2,0.6,0.13,0,0,0,0
249,Rúben Dias,DF,Manchester City,28,23.8,2,10,4,40,0.42,0.17,0.2,0.5,0,0
250,Justin Devenny,"MF,FW",Crystal Palace,21,8.8,1,13,4,30.8,1.47,0.45,0.08,0.25,1,1
251,Fabian Schär,DF,Newcastle,33,12.1,0,17,4,23.5,1.4,0.33,0,0,0,0
252,Ryan Sessegnon,"DF,MF",Fulham,25,20.3,3,16,4,25,0.79,0.2,0.19,0.75,0,0
253,Jacob Bruun Larsen,"MF,FW",Burnley,26,11.4,0,17,4,23.5,1.49,0.35,0,0,0,0
254,Sven Botman,DF,Newcastle,25,20.4,1,15,4,26.7,0.74,0.2,0.07,0.25,0,0
255,Jayden Bogle,"MF,DF",Leeds United,25,31,1,18,4,22.2,0.58,0.13,0.06,0.25,0,0
256,Joachim Andersen,DF,Fulham,29,31.9,0,16,4,25,0.5,0.13,0,0,0,0
257,Yehor Yarmoliuk,MF,Brentford,21,29.5,1,16,4,25,0.54,0.14,0.06,0.25,0,0
258,Michael Kayode,DF,Brentford,21,36.2,1,9,3,33.3,0.25,0.08,0.11,0.33,0,0
259,Brennan Johnson,"MF,FW",Crystal Palace,24,12.4,0,17,3,17.6,1.38,0.24,0,0,0,0
260,Matthijs de Ligt,DF,Manchester Utd,25,13,1,11,3,27.3,0.85,0.23,0.09,0.33,0,0
261,Vitaly Janelt,MF,Brentford,27,16,1,12,3,25,0.75,0.19,0.08,0.33,0,0
262,Daniel James,"FW,MF",Leeds United,27,6.2,0,14,3,21.4,2.25,0.48,0,0,0,0
263,Bashir Humphreys,"DF,MF",Burnley,22,17.5,0,9,3,33.3,0.51,0.17,0,0,0,0
264,Kobbie Mainoo,MF,Manchester Utd,20,18.5,1,13,3,23.1,0.7,0.16,0.08,0.33,0,0
265,Quilindschy Hartman,DF,Burnley,23,20.3,0,9,3,33.3,0.44,0.15,0,0,0,0
266,Gabriel Gudmundsson,"DF,MF",Leeds United,26,29.2,0,18,3,16.7,0.62,0.1,0,0,0,0
267,Tyrique George,MF,Everton,19,2.4,0,7,3,42.9,2.89,1.24,0,0,0,0
268,Lutsharel Geertruida,"DF,MF",Sunderland,25,18.8,0,11,3,27.3,0.58,0.16,0,0,0,0
269,Niclas Füllkrug,FW,West Ham,32,4.5,0,9,3,33.3,1.98,0.66,0,0,0,0
270,Pablo,"MF,FW",West Ham,21,9.1,0,12,3,25,1.31,0.33,0,0,0,0
271,Lewis Dunk,DF,Brighton,33,31.5,1,23,3,13,0.73,0.1,0.04,0.33,0,0
272,Joël Piroe,FW,Leeds United,25,2.9,0,14,3,21.4,4.88,1.05,0,0,0,0
273,Axel Disasi,DF,West Ham,27,13.9,0,5,3,60,0.36,0.22,0,0,0,0
274,Chris Rigg,MF,Sunderland,18,8.5,1,12,3,25,1.42,0.35,0.08,0.33,0,0
275,Andy Robertson,DF,Liverpool,31,13.1,1,10,3,30,0.77,0.23,0.1,0.33,0,0
276,Rodri,MF,Manchester City,29,16.8,1,16,3,18.8,0.95,0.18,0.06,0.33,0,0
277,Jadon Sancho,MF,Aston Villa,25,9.7,0,10,3,30,1.03,0.31,0,0,0,0
278,Nicolò Savona,DF,Nottingham,22,11.4,2,5,3,60,0.44,0.26,0.4,0.67,0,0
279,Luke Shaw,DF,Manchester Utd,30,35.8,1,10,3,30,0.28,0.08,0.1,0.33,0,0
280,Dan Burn,DF,Newcastle,33,24.4,1,10,3,30,0.41,0.12,0.1,0.33,0,0
281,Kenny Tete,DF,Fulham,29,19.9,1,16,3,18.8,0.8,0.15,0.06,0.33,0,0
282,Oscar Bobb,MF,Fulham,22,6.3,0,8,3,37.5,1.26,0.47,0,0,0,0
283,Sander Berge,MF,Fulham,27,32.3,0,14,3,21.4,0.43,0.09,0,0,0,0
284,Rodrigo Bentancur,MF,Tottenham,28,20.9,1,13,3,23.1,0.62,0.14,0.08,0.33,0,0
285,Dilane Bakwa,MF,Nottingham,22,6.1,0,9,3,33.3,1.46,0.49,0,0,0,0
286,Enes Ünal,FW,Bournemouth,28,2.6,1,15,3,20,5.82,1.16,0.07,0.33,0,0
287,Kyle Walker-Peters,DF,West Ham,28,15.4,1,5,3,60,0.33,0.2,0.2,0.33,0,0
288,Jhon Arias,"FW,MF",Wolves,27,12.5,1,16,3,18.8,1.28,0.24,0.06,0.33,0,0
289,Nilson Angulo,MF,Sunderland,22,4.5,0,7,3,42.9,1.56,0.67,0,0,0,0
290,Kristoffer Ajer,DF,Brentford,27,20.1,0,10,3,30,0.5,0.15,0,0,0,0
291,Emmanuel Agbadou,DF,Wolves,28,12.2,0,10,3,30,0.82,0.25,0,0,0,0
292,Leny Yoro,DF,Manchester Utd,19,19.3,0,9,3,33.3,0.47,0.16,0,0,0,0
293,Tammy Abraham,FW,Aston Villa,27,3.2,2,9,3,33.3,2.83,0.94,0.22,0.67,0,0
294,Milos Kerkez,DF,Liverpool,21,25.1,2,9,2,22.2,0.36,0.08,0.22,1,0,0
295,Ezri Konsa,DF,Aston Villa,27,33.7,0,11,2,18.2,0.33,0.06,0,0,0,0
296,Brennan Johnson,"MF,FW",Tottenham,24,6.8,2,6,2,33.3,0.89,0.3,0.33,1,0,0
297,Florentino Luís,MF,Burnley,25,23.4,0,13,2,15.4,0.56,0.09,0,0,0,0
298,Piero Hincapié,DF,Arsenal,23,19.9,1,3,2,66.7,0.15,0.1,0.33,0.5,0,0
299,Soungoutou Magassa,MF,West Ham,21,10.9,1,7,2,28.6,0.64,0.18,0.14,0.5,0,0
300,James Hill,DF,Bournemouth,23,23.4,0,12,2,16.7,0.51,0.09,0,0,0,0
301,Jack Harrison,FW,Leeds United,28,3,0,6,2,33.3,2.01,0.67,0,0,0,0
302,Marc Guiu,FW,Chelsea,19,2.9,0,12,2,16.7,4.2,0.7,0,0,0,0
303,James Milner,MF,Brighton,39,8.7,1,8,2,25,0.92,0.23,0.13,0.5,1,1
304,Morato,DF,Nottingham,24,14.9,1,5,2,40,0.33,0.13,0.2,0.5,0,0
305,Nicolás González,MF,Manchester City,23,17.4,1,14,2,14.3,0.8,0.11,0.07,0.5,0,0
306,Toti Gomes,DF,Wolves,26,15.8,0,5,2,40,0.32,0.13,0,0,0,0
307,Romaine Mundle,MF,Sunderland,22,4.6,0,7,2,28.6,1.53,0.44,0,0,0,0
308,Angel Gomes,"MF,FW",Wolves,24,5.1,0,6,2,33.3,1.17,0.39,0,0,0,0
309,Jamie Gittens,MF,Chelsea,20,5.5,0,10,2,20,1.82,0.36,0,0,0,0
310,Tyrique George,FW,Chelsea,19,1.6,0,3,2,66.7,1.86,1.24,0,0,0,0
311,Vitaliy Mykolenko,DF,Everton,26,32.9,0,9,2,22.2,0.27,0.06,0,0,0,0
312,Jeremie Frimpong,"DF,MF",Liverpool,24,11.6,0,10,2,20,0.87,0.17,0,0,0,0
313,Matheus Nunes,DF,Manchester City,26,31.8,1,7,2,28.6,0.22,0.06,0.14,0.5,0,0
314,Matt O'Riley,MF,Brighton,24,2.3,1,4,2,50,1.76,0.88,0.25,0.5,1,1
315,Eberechi Eze,MF,Crystal Palace,27,0.9,0,6,2,33.3,6.51,2.17,0,0,0,0
316,Chadi Riad,DF,Crystal Palace,22,6.1,0,4,2,50,0.65,0.33,0,0,0,0
317,Chris Richards,DF,Crystal Palace,25,31.4,1,15,2,13.3,0.48,0.06,0.07,0.5,0,0
318,Ben Davies,DF,Tottenham,32,1.5,1,2,2,100,1.31,1.31,0.5,0.5,0,0
319,Kevin Danso,DF,Tottenham,26,16.6,0,11,2,18.2,0.66,0.12,0,0,0,0
320,Andrey Santos,MF,Chelsea,21,14,1,11,2,18.2,0.79,0.14,0.09,0.5,0,0
321,Tom Cairney,MF,Fulham,34,8.6,2,17,2,11.8,1.97,0.23,0.12,1,0,0
322,Jarrad Branthwaite,DF,Everton,23,7.6,1,6,2,33.3,0.79,0.26,0.17,0.5,0,0
323,Yves Bissouma,MF,Tottenham,28,6.7,0,5,2,40,0.75,0.3,0,0,0,0
324,Christantus Uche,FW,Crystal Palace,22,1.9,0,6,2,33.3,3.12,1.04,0,0,0,0
325,Carlos Baleba,MF,Brighton,21,18.4,0,20,2,10,1.09,0.11,0,0,0,0
326,Harrison Armstrong,MF,Everton,18,5.9,0,5,2,40,0.85,0.34,0,0,0,0
327,James Ward-Prowse,MF,Burnley,30,7.6,0,3,2,66.7,0.39,0.26,0,0,0,0
328,Rayan Aït-Nouri,DF,Manchester City,24,10.8,0,10,2,20,0.92,0.18,0,0,0,0
329,Simon Adingra,"MF,FW",Sunderland,23,7.3,1,6,2,33.3,0.83,0.28,0.17,0.5,0,0
330,Ryan Yates,MF,Nottingham,27,6.9,0,9,2,22.2,1.31,0.29,0,0,0,0
331,Joshua Acheampong,DF,Chelsea,19,7.4,1,4,2,50,0.54,0.27,0.25,0.5,0,0
332,Oleksandr Zinchenko,DF,Nottingham,28,3.9,0,4,2,50,1.02,0.51,0,0,0,0
333,Max Kilman,DF,West Ham,28,17.3,0,7,1,14.3,0.4,0.06,0,0,0,0
334,Abdukodir Khusanov,DF,Manchester City,21,15.9,0,7,1,14.3,0.44,0.06,0,0,0,0
335,Arnaud Kalimuendo,FW,Nottingham,23,1.1,0,4,1,25,3.75,0.94,0,0,0,0
336,Shea Lacey,FW,Manchester Utd,18,0.5,0,4,1,25,8.37,2.09,0,0,0,0
337,Pedro Lima,MF,Wolves,19,2.9,0,4,1,25,1.38,0.35,0,0,0,0
338,Fer López,MF,Wolves,21,2.6,0,5,1,20,1.91,0.38,0,0,0,0
339,Lorenzo Lucca,FW,Nottingham,24,1.4,1,4,1,25,2.79,0.7,0.25,1,0,0
340,Tim Iroegbunam,MF,Everton,22,16.5,0,12,1,8.3,0.73,0.06,0,0,0,0
341,Douglas Luiz,MF,Nottingham,27,3.5,0,5,1,20,1.43,0.29,0,0,0,0
342,Ki-Jana Hoever,"MF,DF",Wolves,23,4.7,0,1,1,100,0.21,0.21,0,0,0,0
343,Aaron Hickey,"DF,MF",Brentford,23,7.7,0,6,1,16.7,0.78,0.13,0,0,0,0
344,Jordan Henderson,MF,Brentford,35,21.3,1,6,1,16.7,0.28,0.05,0.17,1,0,0
345,Solly March,MF,Brighton,31,0.5,0,1,1,100,2.2,2.2,0,0,0,0
346,Evann Guessand,MF,Crystal Palace,24,3.7,1,3,1,33.3,0.82,0.27,0.33,1,0,0
347,Nikola Milenković,DF,Nottingham,27,37.5,0,16,1,6.3,0.43,0.03,0,0,0,0
348,Ilia Gruev,MF,Leeds United,25,14.7,0,7,1,14.3,0.48,0.07,0,0,0,0
349,Tyrone Mings,DF,Aston Villa,32,14.7,0,9,1,11.1,0.61,0.07,0,0,0,0
350,Joe Gomez,DF,Liverpool,28,6.7,0,5,1,20,0.74,0.15,0,0,0,0
351,Ben Gannon-Doak,MF,Bournemouth,19,1.3,0,3,1,33.3,2.39,0.8,0,0,0,0
352,Reiss Nelson,"FW,MF",Brentford,25,1.4,0,5,1,20,3.57,0.71,0,0,0,0
353,Wesley Fofana,DF,Chelsea,24,19.1,0,8,1,12.5,0.42,0.05,0,0,0,0
354,Christian Nørgaard,MF,Arsenal,31,1.2,0,2,1,50,1.7,0.85,0,0,0,0
355,Luke O'Nien,DF,Sunderland,30,6.3,0,4,1,25,0.63,0.16,0,0,0,0
356,Maxime Estève,DF,Burnley,23,32.6,0,10,1,10,0.31,0.03,0,0,0,0
357,Hjalmar Ekdal,DF,Burnley,26,17.1,0,6,1,16.7,0.35,0.06,0,0,0,0
358,Nathan Patterson,DF,Everton,23,2.7,0,1,1,100,0.37,0.37,0,0,0,0
359,Tom Edozie,MF,Wolves,19,0.2,1,2,1,50,12.86,6.43,0.5,1,0,0
360,Ethan Pinnock,DF,Brentford,32,3.5,0,1,1,100,0.28,0.28,0,0,0,0
361,Freddie Potts,MF,West Ham,21,13,0,3,1,33.3,0.23,0.08,0,0,0,0
362,Max Dowman,MF,Arsenal,15,1.7,1,6,1,16.7,3.44,0.57,0.17,1,0,0
363,Romelle Donovan,FW,Brentford,18,0.5,0,3,1,33.3,6.59,2.2,0,0,0,0
364,Harrison Reed,MF,Fulham,30,1,1,2,1,50,1.91,0.96,0.5,1,0,0
365,Issa Diop,DF,Fulham,28,9.1,1,2,1,50,0.22,0.11,0.5,1,0,0
366,Antonee Robinson,"DF,MF",Fulham,27,16.6,1,6,1,16.7,0.36,0.06,0.17,1,1,1
367,Jesse Derry,MF,Chelsea,18,0.5,0,2,1,50,4.09,2.05,0,0,0,0
368,Merlin Röhl,MF,Everton,23,7.6,1,11,1,9.1,1.45,0.13,0.09,1,0,0
369,Jair Cunha,DF,Nottingham,20,5.7,0,3,1,33.3,0.52,0.17,0,0,0,0
370,William Saliba,DF,Arsenal,24,29,1,5,1,20,0.17,0.03,0.2,1,0,0
371,Fabio Carvalho,MF,Brentford,22,1.1,1,2,1,50,1.76,0.88,0.5,1,0,0
372,Jaydee Canvot,DF,Crystal Palace,19,14.8,0,7,1,14.3,0.47,0.07,0,0,0,0
373,Oliver Sonne,DF,Burnley,24,1.9,1,3,1,33.3,1.6,0.53,0.33,1,0,0
374,Souza,MF,Tottenham,19,1.6,0,1,1,100,0.62,0.62,0,0,0,0
375,Jackson Tchatchoua,"MF,DF",Wolves,23,20.5,0,3,1,33.3,0.15,0.05,0,0,0,0
376,Pau Torres,DF,Aston Villa,28,18.6,0,9,1,11.1,0.48,0.05,0,0,0,0
377,Adama Traoré,MF,Fulham,29,3,0,5,1,20,1.64,0.33,0,0,0,0
378,Calvin Bassey,DF,Fulham,25,28.2,1,12,1,8.3,0.43,0.04,0.08,1,0,0
379,Axel Tuanzebe,DF,Burnley,27,13.3,1,2,1,50,0.15,0.07,0.5,1,0,0
380,Ashley Barnes,"FW,MF",Burnley,35,0.5,0,2,1,50,3.91,1.96,0,0,0,0
381,Stefanos Tzimas,FW,Brighton,19,1.5,1,4,1,25,2.59,0.65,0.25,1,0,0
382,Destiny Udogie,"DF,MF",Tottenham,22,14.9,0,4,1,25,0.27,0.07,0,0,0,0
383,Manuel Ugarte,MF,Manchester Utd,24,9.9,0,13,1,7.7,1.32,0.1,0,0,0,0
384,Leon Bailey,MF,Aston Villa,27,5.1,0,8,1,12.5,1.57,0.2,0,0,0,0
385,Joël Veltman,DF,Brighton,33,11.8,1,4,1,25,0.34,0.09,0.25,1,0,0
386,André,MF,Wolves,24,30.7,1,15,1,6.7,0.49,0.03,0.07,1,0,0
387,Tom Watson,MF,Brighton,19,0.7,0,1,1,100,1.45,1.45,0,0,0,0
388,Zeki Amdouni,"FW,MF",Burnley,24,0.8,0,3,1,33.3,3.7,1.23,0,0,0,0
389,Ben White,DF,Arsenal,27,7.8,0,5,1,20,0.64,0.13,0,0,0,0
390,Max Alleyne,DF,Manchester City,20,1.5,0,2,1,50,1.33,0.67,0,0,0,0
391,Nathan Aké,DF,Manchester City,30,7.7,0,7,1,14.3,0.91,0.13,0,0,0,0
392,Ola Aina,DF,Nottingham,28,17.6,0,12,1,8.3,0.68,0.06,0,0,0,0
393,Joe Knight,MF,Brighton,19,0,0,0,0,,0,0,,,0,0
394,Mohamadou Kanté,MF,West Ham,19,0.8,0,2,0,0,2.4,0,0,,0,0
395,Saša Kalajdžić,"FW,MF",Wolves,28,0.2,0,0,0,,0,0,,,0,0
396,Mateo Kovačić,MF,Manchester City,31,1.4,0,2,0,0,1.38,0,0,,0,0
397,Hamed Junior Traorè,MF,Bournemouth,25,0.2,0,0,0,,0,0,,,0,0
398,Emil Krafth,DF,Newcastle,30,0.5,0,0,0,,0,0,,,0,0
399,Jonah Kusi-Asare,FW,Fulham,18,0.6,0,0,0,,0,0,,,0,0
400,Jamaal Lascelles,DF,Newcastle,31,0.2,0,1,0,0,4.29,0,0,,0,0
401,Jamaldeen Jimoh,MF,Aston Villa,18,0.1,0,0,0,,0,0,,,0,0
402,Roméo Lavia,MF,Chelsea,21,4.2,0,3,0,0,0.71,0,0,,0,0
403,Rico Lewis,DF,Manchester City,20,4.5,0,3,0,0,0.66,0,0,,0,0
404,Myles Lewis-Skelly,"MF,DF",Arsenal,18,7.9,0,2,0,0,0.25,0,0,,0,0
405,Victor Lindelöf,"DF,MF",Aston Villa,31,10.5,0,3,0,0,0.28,0,0,,0,0
406,Tino Livramento,DF,Newcastle,22,14.8,0,3,0,0,0.2,0,0,,0,0
407,Andy Irving,MF,West Ham,25,1.8,0,0,0,,0,0,,,0,0
408,Igor,DF,West Ham,27,1.2,0,0,0,,0,0,,,0,0
409,Will Hughes,MF,Crystal Palace,30,17.5,0,17,0,0,0.97,0,0,,0,0
410,James Maddison,"FW,MF",Tottenham,28,0.4,0,2,0,0,4.86,0,0,,0,0
411,Harry Howell,MF,Brighton,17,1,0,0,0,,0,0,,,0,0
412,Tyrell Malacia,DF,Manchester Utd,25,0.2,0,0,0,,0,0,,,0,0
413,Rico Henry,DF,Brentford,28,14.8,0,5,0,0,0.34,0,0,,0,0
414,Reinildo Mandava,DF,Sunderland,31,21.8,0,4,0,0,0.18,0,0,,0,0
415,George Hemmings,MF,Aston Villa,18,0.3,0,1,0,0,3.33,0,0,,0,0
416,Bendito Mantato,MF,Manchester Utd,17,0.2,0,0,0,,0,0,,,0,0
417,Ayden Heaven,DF,Manchester Utd,18,10.3,0,3,0,0,0.29,0,0,,0,0
418,Callum Marshall,FW,West Ham,20,0.7,0,1,0,0,1.5,0,0,,0,0
419,Jorrel Hato,DF,Chelsea,19,12.8,0,4,0,0,0.31,0,0,,0,0
420,Lisandro Martínez,DF,Manchester Utd,27,13.7,0,5,0,0,0.36,0,0,,0,0
421,Arthur Masuaku,DF,Sunderland,31,1.4,0,1,0,0,0.71,0,0,,0,0
422,Ezra Mayers,DF,West Ham,18,1.3,0,1,0,0,0.77,0,0,,0,0
423,Noussair Mazraoui,"DF,MF",Manchester Utd,27,10.9,0,5,0,0,0.46,0,0,,0,0
424,James Mcatee,MF,Nottingham,22,3.3,0,4,0,0,1.21,0,0,,0,0
425,Marc Guiu,FW,Sunderland,19,0.2,0,1,0,0,6,0,0,,0,0
426,Luis Guilherme,FW,West Ham,19,1.4,0,1,0,0,0.72,0,0,,0,0
427,Shumaira Mheuka,FW,Chelsea,17,0,0,0,0,,0,0,,,0,0
428,Antoni Milambo,MF,Brentford,20,0.5,0,0,0,,0,0,,,0,0
429,Veljko Milosavljević,DF,Bournemouth,18,4.1,0,1,0,0,0.24,0,0,,0,0
430,Cristhian Mosquera,DF,Arsenal,21,11,0,1,0,0,0.09,0,0,,0,0
431,Divine Mukasa,MF,Manchester City,17,0.3,0,0,0,,0,0,,,0,0
432,Wilfried Gnonto,FW,Leeds United,21,6,0,10,0,0,1.68,0,0,,0,0
433,Alex Murphy,DF,Newcastle,21,0.1,0,0,0,,0,0,,,0,0
434,David Møller Wolfe,"MF,DF",Wolves,23,11.7,0,3,0,0,0.26,0,0,,0,0
435,Sean Neave,FW,Newcastle,18,0.2,0,1,0,0,6.43,0,0,,0,0
436,Andrés García,DF,Aston Villa,22,1,0,0,0,,0,0,,,0,0
437,Dan Neil,MF,Sunderland,23,0.2,0,0,0,,0,0,,,0,0
438,Luca Netz,"DF,MF",Nottingham,22,4,0,0,0,,0,0,,,0,0
439,Kaye Furo,FW,Brentford,18,0,0,0,0,,0,0,,,0,0
440,Tyler Fredricson,DF,Manchester Utd,20,0,0,0,0,,0,0,,,0,0
441,Ethan Nwaneri,MF,Arsenal,18,1.9,0,6,0,0,3.16,0,0,,0,0
442,Trey Nyoni,MF,Liverpool,18,0.3,0,1,0,0,3.75,0,0,,0,0
443,Tyler Fletcher,MF,Manchester Utd,18,0.2,0,0,0,,0,0,,,0,0
444,Jack Fletcher,MF,Manchester Utd,18,1.2,0,1,0,0,0.83,0,0,,0,0
445,Callum Olusesi,MF,Tottenham,18,0.2,0,0,0,,0,0,,,0,0
446,Frank Onyeka,MF,Brentford,27,1,0,0,0,,0,0,,,0,0
447,Dario Essugo,MF,Chelsea,20,0.3,0,0,0,,0,0,,,0,0
448,Nehemiah Oriola,MF,Brighton,18,0,0,0,0,,0,0,,,0,0
449,Romain Esse,MF,Crystal Palace,20,0.5,0,0,0,,0,0,,,0,0
450,Wataru Endo,DF,Liverpool,32,1.9,0,1,0,0,0.51,0,0,,0,0
451,Harvey Elliott,"FW,MF",Liverpool,22,0,0,0,0,,0,0,,,0,0
452,Harvey Elliott,MF,Aston Villa,22,1.2,0,5,0,0,4.02,0,0,,0,0
453,Myles Peart-Harris,MF,Brentford,22,0,0,0,0,,0,0,,,0,0
454,Odsonne Édouard,FW,Crystal Palace,27,0,0,0,0,,0,0,,,0,0
455,George Earthy,MF,West Ham,20,0.1,0,0,0,,0,0,,,0,0
456,Joél Drakes-Thomas,MF,Crystal Palace,16,0.1,0,0,0,,0,0,,,0,0
457,Radu Drăgușin,DF,Tottenham,23,5.7,0,4,0,0,0.7,0,0,,0,0
458,Matt Doherty,"DF,MF",Wolves,33,8.7,0,3,0,0,0.34,0,0,,0,0
459,Tyler Dibling,MF,Everton,19,4,0,4,0,0,1.01,0,0,,0,0
460,Patrick Roberts,"FW,MF",Sunderland,28,0.3,0,1,0,0,3.21,0,0,,0,0
461,Bafodé Diakité,DF,Bournemouth,24,14.2,0,1,0,0,0.07,0,0,,0,0
462,Kaden Rodney,"DF,MF",Crystal Palace,20,0,0,0,0,,0,0,,,0,0
463,Guido Rodríguez,MF,West Ham,31,2,0,1,0,0,0.5,0,0,,0,0
464,Josh Dasilva,MF,Brentford,26,0,0,1,0,0,30,0,0,,0,0
465,James Rowswell,DF,Tottenham,19,0,0,0,0,,0,0,,,0,0
466,Jorge Cuenca,DF,Fulham,25,10.4,0,1,0,0,0.1,0,0,,0,0
467,Diego Coppola,DF,Brighton,21,2.2,0,0,0,,0,0,,,0,0
468,Mamadou Sarr,DF,Chelsea,19,1.1,0,1,0,0,0.88,0,0,,0,0
469,Lewis Cook,"MF,DF",Bournemouth,28,9.7,0,3,0,0,0.31,0,0,,0,0
470,Levi Colwill,DF,Chelsea,22,2.5,0,0,0,,0,0,,,0,0
471,Oliver Scarles,"DF,MF",West Ham,19,7.3,0,3,0,0,0.41,0,0,,0,0
472,Séamus Coleman,DF,Everton,36,0.2,0,0,0,,0,0,,,0,0
473,Dane Scarlett,FW,Tottenham,21,0.1,0,0,0,,0,0,,,0,0
474,Nathaniel Clyne,"MF,DF",Crystal Palace,34,6.6,0,3,0,0,0.45,0,0,,0,0
475,Dennis Cirkin,DF,Sunderland,23,3.6,0,1,0,0,0.28,0,0,,0,0
476,Jenson Seelt,DF,Sunderland,22,1.5,0,0,0,,0,0,,,0,0
477,Tawanda Chirewa,MF,Wolves,21,0.3,0,0,0,,0,0,,,0,0
478,Rio Cardines,MF,Crystal Palace,19,1,0,1,0,0,1,0,0,,0,0
479,Jota Silva,FW,Nottingham,25,0.1,0,0,0,,0,0,,,0,0
480,Adam Smith,DF,Bournemouth,34,12,0,0,0,,0,0,,,0,0
481,Julio Soler,DF,Bournemouth,20,0.4,0,0,0,,0,0,,,0,0
482,Sam Byram,"DF,MF",Leeds United,31,0.1,0,0,0,,0,0,,,0,0
483,Jun'ai Byfield,DF,Tottenham,16,0,0,0,0,,0,0,,,0,0
484,Borna Sosa,"DF,MF",Crystal Palace,27,1.1,0,1,0,0,0.89,0,0,,0,0
485,Bradley Burrowes,MF,Aston Villa,17,0.2,0,0,0,,0,0,,,0,0
486,Facundo Buonanotte,MF,Leeds United,20,0.4,0,2,0,0,4.62,0,0,,0,0
487,Facundo Buonanotte,MF,Chelsea,20,0.5,0,0,0,,0,0,,,0,0
488,John Stones,DF,Manchester City,31,4.9,0,0,0,,0,0,,,0,0
489,Jocelin Ta Bi,MF,Sunderland,20,0.4,0,0,0,,0,0,,,0,0
490,Conor Bradley,DF,Liverpool,22,10.3,0,6,0,0,0.58,0,0,,0,0
491,Olivier Boscagli,DF,Brighton,27,8.9,0,1,0,0,0.11,0,0,,0,0
492,Sebastiaan Bornauw,DF,Leeds United,26,4.8,0,1,0,0,0.21,0,0,,0,0
493,Lamare Bogarde,"MF,DF",Aston Villa,21,11.7,0,0,0,,0,0,,,0,0
494,Oscar Bobb,"MF,FW",Manchester City,22,5.2,0,4,0,0,0.77,0,0,,0,0
495,Jean-Clair Todibo,DF,West Ham,25,20.2,0,2,0,0,0.1,0,0,,0,0
496,Alex Tóth,MF,Bournemouth,19,1.6,0,2,0,0,1.29,0,0,,0,0
497,Adama Traoré,"FW,MF",West Ham,29,1.3,0,2,0,0,1.49,0,0,,0,0
498,Mike Trésor,"FW,MF",Burnley,26,0.5,0,0,0,,0,0,,,0,0
499,Kieran Trippier,DF,Newcastle,34,17.6,0,2,0,0,0.11,0,0,,0,0
